2026-01-10 12:13:41.993 | INFO     | app.main:create_application:20 - Starting Manufacturing OS v1.0.0
2026-01-10 12:13:41.993 | INFO     | app.main:create_application:21 - Environment: development
2026-01-10 12:13:41.993 | INFO     | app.main:create_application:22 - Debug mode: True
2026-01-10 12:13:41.994 | INFO     | app.main:create_application:23 - Allowed origins: ['http://localhost:3000', 'http://localhost:3001', 'http://localhost:5173']
2026-01-10 12:13:41.994 | INFO     | app.main:create_application:27 - Exception handlers configured
2026-01-10 12:13:41.994 | INFO     | app.main:create_application:58 - CORS middleware configured
2026-01-10 12:13:42.223 | INFO     | app.main:create_application:62 - API router registered at /api/v1
2026-01-10 12:14:03.253 | INFO     | app.main:log_requests:35 - Incoming request: GET /api/v1/dashboard
2026-01-10 12:14:03.253 | INFO     | app.main:log_requests:41 - Completed: GET /api/v1/dashboard Status: 307 Duration: 0.000s
2026-01-10 12:14:03.262 | INFO     | app.main:log_requests:35 - Incoming request: GET /api/v1/dashboard/
2026-01-10 12:14:03.287 | INFO     | app.main:log_requests:41 - Completed: GET /api/v1/dashboard/ Status: 401 Duration: 0.025s
2026-01-10 12:14:03.296 | INFO     | app.main:log_requests:35 - Incoming request: POST /api/v1/auth/refresh
2026-01-10 12:14:05.472 | INFO     | app.main:log_requests:41 - Completed: POST /api/v1/auth/refresh Status: 200 Duration: 2.176s
2026-01-10 12:14:05.476 | INFO     | app.main:log_requests:35 - Incoming request: GET /api/v1/dashboard
2026-01-10 12:14:05.477 | INFO     | app.main:log_requests:41 - Completed: GET /api/v1/dashboard Status: 307 Duration: 0.001s
2026-01-10 12:14:05.480 | INFO     | app.main:log_requests:35 - Incoming request: GET /api/v1/dashboard/
2026-01-10 12:15:03.244 | INFO     | app.main:log_requests:35 - Incoming request: GET /api/v1/dashboard
2026-01-10 12:15:03.246 | INFO     | app.main:log_requests:41 - Completed: GET /api/v1/dashboard Status: 307 Duration: 0.002s
2026-01-10 12:15:03.263 | INFO     | app.main:log_requests:35 - Incoming request: GET /api/v1/dashboard/
2026-01-10 12:15:18.973 | INFO     | app.main:log_requests:35 - Incoming request: GET /api/v1/dashboard
2026-01-10 12:15:18.974 | INFO     | app.main:log_requests:41 - Completed: GET /api/v1/dashboard Status: 307 Duration: 0.001s
2026-01-10 12:15:18.977 | INFO     | app.main:log_requests:35 - Incoming request: GET /api/v1/dashboard/
2026-01-10 12:15:21.945 | INFO     | app.main:log_requests:35 - Incoming request: GET /api/v1/dashboard
2026-01-10 12:15:21.948 | INFO     | app.main:log_requests:41 - Completed: GET /api/v1/dashboard Status: 307 Duration: 0.002s
2026-01-10 12:15:21.953 | INFO     | app.main:log_requests:35 - Incoming request: GET /api/v1/dashboard/
2026-01-10 12:15:52.235 | INFO     | app.main:log_requests:35 - Incoming request: GET /api/v1/dashboard
2026-01-10 12:15:52.236 | INFO     | app.main:log_requests:41 - Completed: GET /api/v1/dashboard Status: 307 Duration: 0.000s
2026-01-10 12:15:52.239 | INFO     | app.main:log_requests:35 - Incoming request: GET /api/v1/dashboard/
2026-01-10 12:16:22.246 | INFO     | app.main:log_requests:35 - Incoming request: GET /api/v1/dashboard
2026-01-10 12:16:22.248 | INFO     | app.main:log_requests:41 - Completed: GET /api/v1/dashboard Status: 307 Duration: 0.002s
2026-01-10 12:16:22.294 | INFO     | app.main:log_requests:35 - Incoming request: GET /api/v1/dashboard/
2026-01-10 12:16:52.242 | INFO     | app.main:log_requests:35 - Incoming request: GET /api/v1/dashboard
2026-01-10 12:16:52.243 | INFO     | app.main:log_requests:41 - Completed: GET /api/v1/dashboard Status: 307 Duration: 0.001s
2026-01-10 12:16:52.248 | INFO     | app.main:log_requests:35 - Incoming request: GET /api/v1/dashboard/
2026-01-10 12:17:04.234 | INFO     | app.main:create_application:20 - Starting Manufacturing OS v1.0.0
2026-01-10 12:17:04.235 | INFO     | app.main:create_application:21 - Environment: development
2026-01-10 12:17:04.235 | INFO     | app.main:create_application:22 - Debug mode: True
2026-01-10 12:17:04.235 | INFO     | app.main:create_application:23 - Allowed origins: ['http://localhost:3000', 'http://localhost:3001', 'http://localhost:5173']
2026-01-10 12:17:04.235 | INFO     | app.main:create_application:27 - Exception handlers configured
2026-01-10 12:17:04.236 | INFO     | app.main:create_application:58 - CORS middleware configured
2026-01-10 12:17:04.483 | INFO     | app.main:create_application:62 - API router registered at /api/v1
2026-01-10 12:17:16.710 | INFO     | app.main:create_application:20 - Starting Manufacturing OS v1.0.0
2026-01-10 12:17:16.711 | INFO     | app.main:create_application:21 - Environment: development
2026-01-10 12:17:16.711 | INFO     | app.main:create_application:22 - Debug mode: True
2026-01-10 12:17:16.711 | INFO     | app.main:create_application:23 - Allowed origins: ['http://localhost:3000', 'http://localhost:3001', 'http://localhost:5173']
2026-01-10 12:17:16.711 | INFO     | app.main:create_application:27 - Exception handlers configured
2026-01-10 12:17:16.711 | INFO     | app.main:create_application:58 - CORS middleware configured
2026-01-10 12:17:17.007 | INFO     | app.main:create_application:62 - API router registered at /api/v1
2026-01-10 12:17:21.850 | INFO     | app.main:log_requests:35 - Incoming request: GET /api/v1/dashboard
2026-01-10 12:17:21.851 | INFO     | app.main:log_requests:41 - Completed: GET /api/v1/dashboard Status: 307 Duration: 0.001s
2026-01-10 12:17:21.854 | INFO     | app.main:log_requests:35 - Incoming request: GET /api/v1/dashboard/
2026-01-10 12:17:29.652 | INFO     | app.main:log_requests:41 - Completed: GET /api/v1/dashboard/ Status: 200 Duration: 7.799s
2026-01-10 12:17:52.239 | INFO     | app.main:log_requests:35 - Incoming request: GET /api/v1/dashboard
2026-01-10 12:17:52.240 | INFO     | app.main:log_requests:41 - Completed: GET /api/v1/dashboard Status: 307 Duration: 0.001s
2026-01-10 12:17:52.243 | INFO     | app.main:log_requests:35 - Incoming request: GET /api/v1/dashboard/
2026-01-10 12:17:58.895 | INFO     | app.main:log_requests:41 - Completed: GET /api/v1/dashboard/ Status: 200 Duration: 6.652s
2026-01-10 12:18:22.242 | INFO     | app.main:log_requests:35 - Incoming request: GET /api/v1/dashboard
2026-01-10 12:18:22.242 | INFO     | app.main:log_requests:41 - Completed: GET /api/v1/dashboard Status: 307 Duration: 0.001s
2026-01-10 12:18:22.246 | INFO     | app.main:log_requests:35 - Incoming request: GET /api/v1/dashboard/
2026-01-10 12:18:28.600 | INFO     | app.main:log_requests:41 - Completed: GET /api/v1/dashboard/ Status: 200 Duration: 6.354s
2026-01-10 12:19:02.942 | INFO     | app.main:log_requests:35 - Incoming request: GET /api/v1/dashboard
2026-01-10 12:19:02.942 | INFO     | app.main:log_requests:41 - Completed: GET /api/v1/dashboard Status: 307 Duration: 0.001s
2026-01-10 12:19:02.987 | INFO     | app.main:log_requests:35 - Incoming request: GET /api/v1/dashboard/
2026-01-10 12:19:10.184 | INFO     | app.main:log_requests:41 - Completed: GET /api/v1/dashboard/ Status: 200 Duration: 7.196s
2026-01-10 12:19:10.189 | INFO     | app.main:log_requests:35 - Incoming request: GET /api/v1/orders
2026-01-10 12:19:10.190 | INFO     | app.main:log_requests:35 - Incoming request: GET /api/v1/products
2026-01-10 12:19:10.190 | INFO     | app.main:log_requests:41 - Completed: GET /api/v1/orders Status: 307 Duration: 0.001s
2026-01-10 12:19:10.192 | INFO     | app.main:log_requests:41 - Completed: GET /api/v1/products Status: 307 Duration: 0.002s
2026-01-10 12:19:10.194 | INFO     | app.main:log_requests:35 - Incoming request: GET /api/v1/orders
2026-01-10 12:19:10.197 | INFO     | app.main:log_requests:41 - Completed: GET /api/v1/orders Status: 307 Duration: 0.003s
2026-01-10 12:19:10.202 | INFO     | app.main:log_requests:35 - Incoming request: GET /api/v1/orders/
2026-01-10 12:19:10.788 | INFO     | app.main:log_requests:35 - Incoming request: GET /api/v1/products/
2026-01-10 12:19:11.116 | INFO     | app.main:log_requests:35 - Incoming request: GET /api/v1/orders/
2026-01-10 12:19:11.116 | INFO     | app.main:log_requests:41 - Completed: GET /api/v1/products/ Status: 200 Duration: 0.329s
2026-01-10 12:19:11.721 | INFO     | app.main:log_requests:35 - Incoming request: GET /api/v1/orders/
2026-01-10 12:19:12.344 | INFO     | app.main:log_requests:35 - Incoming request: GET /api/v1/products
2026-01-10 12:19:12.345 | INFO     | app.main:log_requests:41 - Completed: GET /api/v1/products Status: 307 Duration: 0.002s
2026-01-10 12:19:12.352 | INFO     | app.main:log_requests:35 - Incoming request: GET /api/v1/products/
2026-01-10 12:19:12.667 | INFO     | app.main:log_requests:35 - Incoming request: GET /api/v1/inventory-items/
2026-01-10 12:19:12.667 | INFO     | app.main:log_requests:41 - Completed: GET /api/v1/products/ Status: 200 Duration: 0.315s
2026-01-10 12:19:12.979 | INFO     | app.main:log_requests:35 - Incoming request: GET /api/v1/products
2026-01-10 12:19:12.982 | INFO     | app.main:log_requests:41 - Completed: GET /api/v1/inventory-items/ Status: 200 Duration: 0.315s
2026-01-10 12:19:12.984 | INFO     | app.main:log_requests:41 - Completed: GET /api/v1/products Status: 307 Duration: 0.005s
2026-01-10 12:19:13.087 | INFO     | app.main:log_requests:35 - Incoming request: GET /api/v1/products/
2026-01-10 12:19:13.404 | INFO     | app.main:log_requests:35 - Incoming request: GET /api/v1/boms/product/c0797b9a-24d9-4d00-9126-645e2fabd5f4/active
2026-01-10 12:19:13.405 | INFO     | app.main:log_requests:41 - Completed: GET /api/v1/products/ Status: 200 Duration: 0.317s
2026-01-10 12:19:14.452 | INFO     | app.main:log_requests:35 - Incoming request: GET /api/v1/dashboard
2026-01-10 12:19:14.454 | INFO     | app.main:log_requests:41 - Completed: GET /api/v1/dashboard Status: 307 Duration: 0.002s
2026-01-10 12:19:14.484 | INFO     | app.main:log_requests:35 - Incoming request: GET /api/v1/dashboard/
2026-01-10 12:19:21.101 | INFO     | app.main:log_requests:41 - Completed: GET /api/v1/dashboard/ Status: 200 Duration: 6.617s
2026-01-10 12:19:45.254 | INFO     | app.main:log_requests:35 - Incoming request: GET /api/v1/dashboard
2026-01-10 12:19:45.255 | INFO     | app.main:log_requests:41 - Completed: GET /api/v1/dashboard Status: 307 Duration: 0.001s
2026-01-10 12:19:45.260 | INFO     | app.main:log_requests:35 - Incoming request: GET /api/v1/dashboard/
2026-01-10 12:19:52.630 | INFO     | app.main:log_requests:41 - Completed: GET /api/v1/dashboard/ Status: 200 Duration: 7.370s
2026-01-10 12:20:15.240 | INFO     | app.main:log_requests:35 - Incoming request: GET /api/v1/dashboard
2026-01-10 12:20:15.241 | INFO     | app.main:log_requests:41 - Completed: GET /api/v1/dashboard Status: 307 Duration: 0.001s
2026-01-10 12:20:15.245 | INFO     | app.main:log_requests:35 - Incoming request: GET /api/v1/dashboard/
2026-01-10 12:20:22.138 | INFO     | app.main:log_requests:41 - Completed: GET /api/v1/dashboard/ Status: 200 Duration: 6.893s
2026-01-10 12:20:45.251 | INFO     | app.main:log_requests:35 - Incoming request: GET /api/v1/dashboard
2026-01-10 12:20:45.252 | INFO     | app.main:log_requests:41 - Completed: GET /api/v1/dashboard Status: 307 Duration: 0.001s
2026-01-10 12:20:45.256 | INFO     | app.main:log_requests:35 - Incoming request: GET /api/v1/dashboard/
2026-01-10 12:20:52.135 | INFO     | app.main:log_requests:41 - Completed: GET /api/v1/dashboard/ Status: 200 Duration: 6.878s
2026-01-10 12:21:15.238 | INFO     | app.main:log_requests:35 - Incoming request: GET /api/v1/dashboard
2026-01-10 12:21:15.240 | INFO     | app.main:log_requests:41 - Completed: GET /api/v1/dashboard Status: 307 Duration: 0.002s
2026-01-10 12:21:15.243 | INFO     | app.main:log_requests:35 - Incoming request: GET /api/v1/dashboard/
2026-01-10 12:21:21.994 | INFO     | app.main:log_requests:41 - Completed: GET /api/v1/dashboard/ Status: 200 Duration: 6.751s
2026-01-10 12:21:34.909 | INFO     | app.main:log_requests:35 - Incoming request: GET /api/v1/orders
2026-01-10 12:21:34.910 | INFO     | app.main:log_requests:35 - Incoming request: GET /api/v1/products
2026-01-10 12:21:34.910 | INFO     | app.main:log_requests:41 - Completed: GET /api/v1/orders Status: 307 Duration: 0.001s
2026-01-10 12:21:34.912 | INFO     | app.main:log_requests:41 - Completed: GET /api/v1/products Status: 307 Duration: 0.002s
2026-01-10 12:21:34.914 | INFO     | app.main:log_requests:35 - Incoming request: GET /api/v1/orders/
2026-01-10 12:21:35.767 | INFO     | app.main:log_requests:35 - Incoming request: GET /api/v1/products/
2026-01-10 12:21:36.134 | INFO     | app.main:log_requests:41 - Completed: GET /api/v1/products/ Status: 200 Duration: 0.367s
2026-01-10 12:21:36.135 | INFO     | app.main:log_requests:35 - Incoming request: GET /api/v1/orders
2026-01-10 12:21:36.136 | INFO     | app.main:log_requests:41 - Completed: GET /api/v1/orders Status: 307 Duration: 0.001s
2026-01-10 12:21:36.142 | INFO     | app.main:log_requests:35 - Incoming request: GET /api/v1/orders/
2026-01-10 12:21:50.456 | INFO     | app.main:log_requests:35 - Incoming request: GET /api/v1/dashboard
2026-01-10 12:21:50.457 | INFO     | app.main:log_requests:41 - Completed: GET /api/v1/dashboard Status: 307 Duration: 0.001s
2026-01-10 12:21:50.460 | INFO     | app.main:log_requests:35 - Incoming request: GET /api/v1/dashboard/
2026-01-10 12:21:58.004 | INFO     | app.main:log_requests:41 - Completed: GET /api/v1/dashboard/ Status: 200 Duration: 7.545s
2026-01-10 12:21:58.006 | INFO     | app.main:log_requests:35 - Incoming request: GET /api/v1/orders
2026-01-10 12:21:58.007 | INFO     | app.main:log_requests:35 - Incoming request: GET /api/v1/products
2026-01-10 12:21:58.008 | INFO     | app.main:log_requests:41 - Completed: GET /api/v1/orders Status: 307 Duration: 0.002s
2026-01-10 12:21:58.009 | INFO     | app.main:log_requests:41 - Completed: GET /api/v1/products Status: 307 Duration: 0.002s
2026-01-10 12:21:58.010 | INFO     | app.main:log_requests:35 - Incoming request: GET /api/v1/orders
2026-01-10 12:21:58.012 | INFO     | app.main:log_requests:41 - Completed: GET /api/v1/orders Status: 307 Duration: 0.002s
2026-01-10 12:21:58.014 | INFO     | app.main:log_requests:35 - Incoming request: GET /api/v1/products/
2026-01-10 12:21:58.014 | INFO     | app.main:log_requests:35 - Incoming request: GET /api/v1/orders/
2026-01-10 12:21:58.910 | INFO     | app.main:log_requests:41 - Completed: GET /api/v1/products/ Status: 200 Duration: 0.896s
2026-01-10 12:21:58.928 | INFO     | app.main:log_requests:35 - Incoming request: GET /api/v1/orders/
2026-01-10 12:21:59.512 | INFO     | app.main:log_requests:35 - Incoming request: GET /api/v1/orders/
2026-01-10 12:22:01.444 | INFO     | app.main:log_requests:35 - Incoming request: GET /api/v1/orders
2026-01-10 12:22:01.445 | INFO     | app.main:log_requests:41 - Completed: GET /api/v1/orders Status: 307 Duration: 0.001s
2026-01-10 12:22:01.449 | INFO     | app.main:log_requests:35 - Incoming request: GET /api/v1/orders/
2026-01-10 12:22:38.523 | INFO     | app.main:log_requests:35 - Incoming request: GET /api/v1/dashboard
2026-01-10 12:22:38.523 | INFO     | app.main:log_requests:41 - Completed: GET /api/v1/dashboard Status: 307 Duration: 0.000s
2026-01-10 12:22:38.537 | INFO     | app.main:log_requests:35 - Incoming request: GET /api/v1/dashboard/
2026-01-10 12:22:46.422 | INFO     | app.main:log_requests:41 - Completed: GET /api/v1/dashboard/ Status: 200 Duration: 7.885s
2026-01-10 12:23:09.234 | INFO     | app.main:log_requests:35 - Incoming request: GET /api/v1/dashboard
2026-01-10 12:23:09.236 | INFO     | app.main:log_requests:41 - Completed: GET /api/v1/dashboard Status: 307 Duration: 0.002s
2026-01-10 12:23:09.264 | INFO     | app.main:log_requests:35 - Incoming request: GET /api/v1/dashboard/
2026-01-10 12:23:16.338 | INFO     | app.main:log_requests:41 - Completed: GET /api/v1/dashboard/ Status: 200 Duration: 7.073s
2026-01-10 12:23:29.788 | INFO     | app.main:log_requests:35 - Incoming request: GET /api/v1/orders
2026-01-10 12:23:29.789 | INFO     | app.main:log_requests:41 - Completed: GET /api/v1/orders Status: 307 Duration: 0.001s
2026-01-10 12:23:29.792 | INFO     | app.main:log_requests:35 - Incoming request: GET /api/v1/products
2026-01-10 12:23:29.793 | INFO     | app.main:log_requests:41 - Completed: GET /api/v1/products Status: 307 Duration: 0.001s
2026-01-10 12:23:29.796 | INFO     | app.main:log_requests:35 - Incoming request: GET /api/v1/orders/
2026-01-10 12:23:30.609 | INFO     | app.main:log_requests:35 - Incoming request: GET /api/v1/products/
2026-01-10 12:23:30.923 | INFO     | app.main:log_requests:41 - Completed: GET /api/v1/products/ Status: 200 Duration: 0.314s
2026-01-10 12:23:30.924 | INFO     | app.main:log_requests:35 - Incoming request: GET /api/v1/orders
2026-01-10 12:23:30.925 | INFO     | app.main:log_requests:41 - Completed: GET /api/v1/orders Status: 307 Duration: 0.001s
2026-01-10 12:23:30.930 | INFO     | app.main:log_requests:35 - Incoming request: GET /api/v1/orders/
2026-01-10 13:12:42.309 | INFO     | app.main:create_application:20 - Starting Manufacturing OS v1.0.0
2026-01-10 13:12:42.312 | INFO     | app.main:create_application:21 - Environment: development
2026-01-10 13:12:42.312 | INFO     | app.main:create_application:22 - Debug mode: True
2026-01-10 13:12:42.312 | INFO     | app.main:create_application:23 - Allowed origins: ['http://localhost:3000', 'http://localhost:3001', 'http://localhost:5173']
2026-01-10 13:12:42.312 | INFO     | app.main:create_application:27 - Exception handlers configured
2026-01-10 13:12:42.312 | INFO     | app.main:create_application:58 - CORS middleware configured
2026-01-10 13:12:42.532 | INFO     | app.main:create_application:62 - API router registered at /api/v1
2026-01-10 13:12:49.984 | INFO     | app.main:log_requests:35 - Incoming request: GET /api/v1/dashboard
2026-01-10 13:12:49.985 | INFO     | app.main:log_requests:41 - Completed: GET /api/v1/dashboard Status: 307 Duration: 0.001s
2026-01-10 13:12:50.012 | INFO     | app.main:log_requests:35 - Incoming request: GET /api/v1/dashboard/
2026-01-10 13:12:50.068 | INFO     | app.main:log_requests:41 - Completed: GET /api/v1/dashboard/ Status: 401 Duration: 0.056s
2026-01-10 13:12:50.071 | INFO     | app.main:log_requests:35 - Incoming request: POST /api/v1/auth/refresh
2026-01-10 13:12:51.957 | INFO     | app.main:log_requests:41 - Completed: POST /api/v1/auth/refresh Status: 200 Duration: 1.886s
2026-01-10 13:12:52.266 | INFO     | app.main:log_requests:35 - Incoming request: GET /api/v1/dashboard
2026-01-10 13:12:52.266 | INFO     | app.main:log_requests:41 - Completed: GET /api/v1/dashboard Status: 307 Duration: 0.000s
2026-01-10 13:12:52.268 | INFO     | app.main:log_requests:35 - Incoming request: GET /api/v1/dashboard/
2026-01-10 13:12:58.092 | INFO     | app.main:log_requests:41 - Completed: GET /api/v1/dashboard/ Status: 200 Duration: 5.824s
2026-01-10 13:13:01.527 | INFO     | app.main:log_requests:35 - Incoming request: GET /api/v1/orders
2026-01-10 13:13:01.528 | INFO     | app.main:log_requests:35 - Incoming request: GET /api/v1/products
2026-01-10 13:13:01.528 | INFO     | app.main:log_requests:41 - Completed: GET /api/v1/orders Status: 307 Duration: 0.001s
2026-01-10 13:13:01.531 | INFO     | app.main:log_requests:41 - Completed: GET /api/v1/products Status: 307 Duration: 0.002s
2026-01-10 13:13:01.544 | INFO     | app.main:log_requests:35 - Incoming request: GET /api/v1/orders/
2026-01-10 13:13:02.497 | INFO     | app.main:log_requests:35 - Incoming request: GET /api/v1/products/
2026-01-10 13:13:02.864 | INFO     | app.main:log_requests:41 - Completed: GET /api/v1/products/ Status: 200 Duration: 0.366s
2026-01-10 13:13:02.865 | INFO     | app.main:log_requests:35 - Incoming request: GET /api/v1/orders
2026-01-10 13:13:02.867 | INFO     | app.main:log_requests:41 - Completed: GET /api/v1/orders Status: 307 Duration: 0.002s
2026-01-10 13:13:02.872 | INFO     | app.main:log_requests:35 - Incoming request: GET /api/v1/orders/
2026-01-10 13:13:03.705 | INFO     | app.main:log_requests:35 - Incoming request: GET /api/v1/orders
2026-01-10 13:13:03.705 | INFO     | app.main:log_requests:41 - Completed: GET /api/v1/orders Status: 307 Duration: 0.000s
2026-01-10 13:13:03.709 | INFO     | app.main:log_requests:35 - Incoming request: GET /api/v1/orders/
2026-01-10 13:21:58.260 | INFO     | app.main:create_application:20 - Starting Manufacturing OS v1.0.0
2026-01-10 13:21:58.260 | INFO     | app.main:create_application:21 - Environment: development
2026-01-10 13:21:58.260 | INFO     | app.main:create_application:22 - Debug mode: True
2026-01-10 13:21:58.260 | INFO     | app.main:create_application:23 - Allowed origins: ['http://localhost:3000', 'http://localhost:3001', 'http://localhost:5173']
2026-01-10 13:21:58.261 | INFO     | app.main:create_application:27 - Exception handlers configured
2026-01-10 13:21:58.261 | INFO     | app.main:create_application:58 - CORS middleware configured
2026-01-10 13:21:58.499 | INFO     | app.main:create_application:62 - API router registered at /api/v1
2026-01-10 13:24:05.197 | INFO     | app.main:create_application:20 - Starting Manufacturing OS v1.0.0
2026-01-10 13:24:05.197 | INFO     | app.main:create_application:21 - Environment: development
2026-01-10 13:24:05.197 | INFO     | app.main:create_application:22 - Debug mode: True
2026-01-10 13:24:05.197 | INFO     | app.main:create_application:23 - Allowed origins: ['http://localhost:3000', 'http://localhost:3001', 'http://localhost:5173']
2026-01-10 13:24:05.197 | INFO     | app.main:create_application:27 - Exception handlers configured
2026-01-10 13:24:05.197 | INFO     | app.main:create_application:58 - CORS middleware configured
2026-01-10 13:24:05.415 | INFO     | app.main:create_application:62 - API router registered at /api/v1
2026-01-10 13:26:58.641 | INFO     | app.main:create_application:20 - Starting Manufacturing OS v1.0.0
2026-01-10 13:26:58.641 | INFO     | app.main:create_application:21 - Environment: development
2026-01-10 13:26:58.641 | INFO     | app.main:create_application:22 - Debug mode: True
2026-01-10 13:26:58.641 | INFO     | app.main:create_application:23 - Allowed origins: ['http://localhost:3000', 'http://localhost:3001', 'http://localhost:5173']
2026-01-10 13:26:58.647 | INFO     | app.main:create_application:27 - Exception handlers configured
2026-01-10 13:26:58.647 | INFO     | app.main:create_application:58 - CORS middleware configured
2026-01-10 13:26:58.891 | INFO     | app.main:create_application:62 - API router registered at /api/v1
2026-01-10 13:27:28.412 | INFO     | app.main:log_requests:35 - Incoming request: GET /api/v1/orders/
2026-01-10 13:27:28.417 | INFO     | app.main:log_requests:41 - Completed: GET /api/v1/orders/ Status: 401 Duration: 0.005s
2026-01-10 13:27:47.133 | INFO     | app.main:log_requests:35 - Incoming request: GET /api/v1/wip/working-orders/
2026-01-10 13:27:47.133 | INFO     | app.main:log_requests:41 - Completed: GET /api/v1/wip/working-orders/ Status: 307 Duration: 0.000s
2026-01-10 13:27:47.134 | INFO     | app.main:log_requests:35 - Incoming request: GET /api/v1/wip/working-orders
2026-01-10 13:27:47.137 | INFO     | app.main:log_requests:41 - Completed: GET /api/v1/wip/working-orders Status: 401 Duration: 0.003s
2026-01-10 13:29:07.958 | INFO     | app.main:log_requests:35 - Incoming request: GET /health
2026-01-10 13:29:07.961 | INFO     | app.main:health_check:77 - Health check endpoint accessed
2026-01-10 13:29:07.961 | INFO     | app.main:log_requests:41 - Completed: GET /health Status: 200 Duration: 0.003s
2026-01-10 13:29:21.347 | INFO     | app.main:log_requests:35 - Incoming request: GET /api/v1/orders/
2026-01-10 13:29:21.349 | INFO     | app.main:log_requests:41 - Completed: GET /api/v1/orders/ Status: 401 Duration: 0.002s
2026-01-10 13:29:40.898 | INFO     | app.main:log_requests:35 - Incoming request: GET /api/v1/wip/working-orders/
2026-01-10 13:29:40.898 | INFO     | app.main:log_requests:41 - Completed: GET /api/v1/wip/working-orders/ Status: 307 Duration: 0.000s
2026-01-10 13:29:40.899 | INFO     | app.main:log_requests:35 - Incoming request: GET /api/v1/wip/working-orders
2026-01-10 13:29:40.899 | INFO     | app.main:log_requests:41 - Completed: GET /api/v1/wip/working-orders Status: 401 Duration: 0.000s
2026-01-10 13:30:06.237 | INFO     | app.main:create_application:20 - Starting Manufacturing OS v1.0.0
2026-01-10 13:30:06.237 | INFO     | app.main:create_application:21 - Environment: development
2026-01-10 13:30:06.237 | INFO     | app.main:create_application:22 - Debug mode: True
2026-01-10 13:30:06.237 | INFO     | app.main:create_application:23 - Allowed origins: ['http://localhost:3000', 'http://localhost:3001', 'http://localhost:5173']
2026-01-10 13:30:06.237 | INFO     | app.main:create_application:27 - Exception handlers configured
2026-01-10 13:30:06.237 | INFO     | app.main:create_application:58 - CORS middleware configured
2026-01-10 13:30:06.444 | INFO     | app.main:create_application:62 - API router registered at /api/v1
2026-01-10 13:30:10.125 | INFO     | app.main:log_requests:35 - Incoming request: GET /api/v1/dashboard
2026-01-10 13:30:10.125 | INFO     | app.main:log_requests:41 - Completed: GET /api/v1/dashboard Status: 307 Duration: 0.000s
2026-01-10 13:30:10.134 | INFO     | app.main:log_requests:35 - Incoming request: GET /api/v1/dashboard/
2026-01-10 13:30:20.834 | INFO     | app.main:log_requests:41 - Completed: GET /api/v1/dashboard/ Status: 200 Duration: 10.701s
2026-01-10 13:30:24.778 | INFO     | app.main:log_requests:35 - Incoming request: GET /api/v1/products
2026-01-10 13:30:24.779 | INFO     | app.main:log_requests:41 - Completed: GET /api/v1/products Status: 307 Duration: 0.001s
2026-01-10 13:30:24.782 | INFO     | app.main:log_requests:35 - Incoming request: GET /api/v1/products
2026-01-10 13:30:24.784 | INFO     | app.main:log_requests:41 - Completed: GET /api/v1/products Status: 307 Duration: 0.002s
2026-01-10 13:30:24.791 | INFO     | app.main:log_requests:35 - Incoming request: GET /api/v1/inventory-items/
2026-01-10 13:30:25.142 | INFO     | app.main:log_requests:41 - Completed: GET /api/v1/inventory-items/ Status: 200 Duration: 0.351s
2026-01-10 13:30:25.149 | INFO     | app.main:log_requests:35 - Incoming request: GET /api/v1/products/
2026-01-10 13:30:25.538 | INFO     | app.main:log_requests:35 - Incoming request: GET /api/v1/products/
2026-01-10 13:30:25.538 | INFO     | app.main:log_requests:41 - Completed: GET /api/v1/products/ Status: 200 Duration: 0.389s
2026-01-10 13:30:25.937 | INFO     | app.main:log_requests:41 - Completed: GET /api/v1/products/ Status: 200 Duration: 0.400s
2026-01-10 13:30:26.000 | INFO     | app.main:log_requests:35 - Incoming request: GET /api/v1/boms/product/c0797b9a-24d9-4d00-9126-645e2fabd5f4/active
2026-01-10 13:30:32.367 | INFO     | app.main:log_requests:35 - Incoming request: GET /api/v1/products
2026-01-10 13:30:32.368 | INFO     | app.main:log_requests:41 - Completed: GET /api/v1/products Status: 307 Duration: 0.001s
2026-01-10 13:30:32.368 | INFO     | app.main:log_requests:35 - Incoming request: GET /api/v1/orders
2026-01-10 13:30:32.368 | INFO     | app.main:log_requests:41 - Completed: GET /api/v1/orders Status: 307 Duration: 0.000s
2026-01-10 13:30:32.371 | INFO     | app.main:log_requests:35 - Incoming request: GET /api/v1/products/
2026-01-10 13:30:32.907 | INFO     | app.main:log_requests:41 - Completed: GET /api/v1/products/ Status: 200 Duration: 0.536s
2026-01-10 13:30:32.910 | INFO     | app.main:log_requests:35 - Incoming request: GET /api/v1/orders
2026-01-10 13:30:32.912 | INFO     | app.main:log_requests:41 - Completed: GET /api/v1/orders Status: 307 Duration: 0.002s
2026-01-10 13:30:32.912 | INFO     | app.main:log_requests:35 - Incoming request: GET /api/v1/orders/
2026-01-10 13:30:35.259 | INFO     | app.main:log_requests:41 - Completed: GET /api/v1/orders/ Status: 200 Duration: 2.348s
2026-01-10 13:30:35.262 | INFO     | app.main:log_requests:35 - Incoming request: GET /api/v1/orders/
2026-01-10 13:30:37.410 | INFO     | app.main:log_requests:41 - Completed: GET /api/v1/orders/ Status: 200 Duration: 2.148s
2026-01-10 13:32:01.815 | INFO     | app.main:log_requests:35 - Incoming request: GET /api/v1/dashboard
2026-01-10 13:32:01.816 | INFO     | app.main:log_requests:41 - Completed: GET /api/v1/dashboard Status: 307 Duration: 0.002s
2026-01-10 13:32:01.821 | INFO     | app.main:log_requests:35 - Incoming request: GET /api/v1/dashboard/
2026-01-10 13:32:12.542 | INFO     | app.main:log_requests:41 - Completed: GET /api/v1/dashboard/ Status: 200 Duration: 10.721s
2026-01-10 13:32:12.545 | INFO     | app.main:log_requests:35 - Incoming request: GET /api/v1/products
2026-01-10 13:32:12.546 | INFO     | app.main:log_requests:35 - Incoming request: GET /api/v1/orders
2026-01-10 13:32:12.548 | INFO     | app.main:log_requests:41 - Completed: GET /api/v1/products Status: 307 Duration: 0.003s
2026-01-10 13:32:12.549 | INFO     | app.main:log_requests:41 - Completed: GET /api/v1/orders Status: 307 Duration: 0.003s
2026-01-10 13:32:12.552 | INFO     | app.main:log_requests:35 - Incoming request: GET /api/v1/orders
2026-01-10 13:32:12.553 | INFO     | app.main:log_requests:41 - Completed: GET /api/v1/orders Status: 307 Duration: 0.002s
2026-01-10 13:32:12.554 | INFO     | app.main:log_requests:35 - Incoming request: GET /api/v1/products/
2026-01-10 13:32:12.837 | INFO     | app.main:log_requests:35 - Incoming request: GET /api/v1/orders/
2026-01-10 13:32:12.837 | INFO     | app.main:log_requests:41 - Completed: GET /api/v1/products/ Status: 200 Duration: 0.283s
2026-01-10 13:32:14.692 | INFO     | app.main:log_requests:41 - Completed: GET /api/v1/orders/ Status: 200 Duration: 1.855s
2026-01-10 13:32:14.692 | INFO     | app.main:log_requests:35 - Incoming request: GET /api/v1/orders/
2026-01-10 13:32:16.625 | INFO     | app.main:log_requests:41 - Completed: GET /api/v1/orders/ Status: 200 Duration: 1.933s
2026-01-10 13:35:05.049 | INFO     | app.main:create_application:20 - Starting Manufacturing OS v1.0.0
2026-01-10 13:35:05.049 | INFO     | app.main:create_application:21 - Environment: development
2026-01-10 13:35:05.049 | INFO     | app.main:create_application:22 - Debug mode: True
2026-01-10 13:35:05.049 | INFO     | app.main:create_application:23 - Allowed origins: ['http://localhost:3000', 'http://localhost:3001', 'http://localhost:5173']
2026-01-10 13:35:05.049 | INFO     | app.main:create_application:27 - Exception handlers configured
2026-01-10 13:35:05.049 | INFO     | app.main:create_application:58 - CORS middleware configured
2026-01-10 13:35:05.287 | INFO     | app.main:create_application:62 - API router registered at /api/v1
2026-01-10 13:57:02.947 | INFO     | app.main:create_application:20 - Starting Manufacturing OS v1.0.0
2026-01-10 13:57:02.948 | INFO     | app.main:create_application:21 - Environment: development
2026-01-10 13:57:02.949 | INFO     | app.main:create_application:22 - Debug mode: True
2026-01-10 13:57:02.949 | INFO     | app.main:create_application:23 - Allowed origins: ['http://localhost:3000', 'http://localhost:3001', 'http://localhost:5173']
2026-01-10 13:57:02.949 | INFO     | app.main:create_application:27 - Exception handlers configured
2026-01-10 13:57:02.950 | INFO     | app.main:create_application:58 - CORS middleware configured
2026-01-10 13:57:03.178 | INFO     | app.main:create_application:62 - API router registered at /api/v1
2026-01-10 13:57:06.359 | INFO     | app.main:log_requests:35 - Incoming request: GET /api/v1/dashboard
2026-01-10 13:57:06.359 | INFO     | app.main:log_requests:41 - Completed: GET /api/v1/dashboard Status: 307 Duration: 0.001s
2026-01-10 13:57:06.366 | INFO     | app.main:log_requests:35 - Incoming request: GET /api/v1/dashboard/
2026-01-10 13:57:06.386 | INFO     | app.main:log_requests:41 - Completed: GET /api/v1/dashboard/ Status: 401 Duration: 0.021s
2026-01-10 13:57:06.391 | INFO     | app.main:log_requests:35 - Incoming request: POST /api/v1/auth/refresh
2026-01-10 13:57:08.330 | INFO     | app.main:log_requests:41 - Completed: POST /api/v1/auth/refresh Status: 200 Duration: 1.938s
2026-01-10 13:57:08.334 | INFO     | app.main:log_requests:35 - Incoming request: GET /api/v1/dashboard
2026-01-10 13:57:08.334 | INFO     | app.main:log_requests:41 - Completed: GET /api/v1/dashboard Status: 307 Duration: 0.000s
2026-01-10 13:57:08.338 | INFO     | app.main:log_requests:35 - Incoming request: GET /api/v1/dashboard/
2026-01-10 13:57:15.565 | INFO     | app.main:log_requests:41 - Completed: GET /api/v1/dashboard/ Status: 200 Duration: 7.227s
2026-01-10 13:57:16.195 | INFO     | app.main:log_requests:35 - Incoming request: GET /api/v1/products
2026-01-10 13:57:16.197 | INFO     | app.main:log_requests:35 - Incoming request: GET /api/v1/products
2026-01-10 13:57:16.197 | INFO     | app.main:log_requests:41 - Completed: GET /api/v1/products Status: 307 Duration: 0.002s
2026-01-10 13:57:16.201 | INFO     | app.main:log_requests:41 - Completed: GET /api/v1/products Status: 307 Duration: 0.004s
2026-01-10 13:57:16.204 | INFO     | app.main:log_requests:35 - Incoming request: GET /api/v1/inventory-items/
2026-01-10 13:57:16.568 | INFO     | app.main:log_requests:41 - Completed: GET /api/v1/inventory-items/ Status: 200 Duration: 0.364s
2026-01-10 13:57:16.573 | INFO     | app.main:log_requests:35 - Incoming request: GET /api/v1/products/
2026-01-10 13:57:16.863 | INFO     | app.main:log_requests:41 - Completed: GET /api/v1/products/ Status: 200 Duration: 0.289s
2026-01-10 13:57:16.864 | INFO     | app.main:log_requests:35 - Incoming request: GET /api/v1/products/
2026-01-10 13:57:17.229 | INFO     | app.main:log_requests:41 - Completed: GET /api/v1/products/ Status: 200 Duration: 0.366s
2026-01-10 13:57:17.233 | INFO     | app.main:log_requests:35 - Incoming request: GET /api/v1/boms/product/c0797b9a-24d9-4d00-9126-645e2fabd5f4/active
2026-01-10 13:57:17.682 | INFO     | app.main:log_requests:35 - Incoming request: GET /api/v1/products
2026-01-10 13:57:17.683 | INFO     | app.main:log_requests:41 - Completed: GET /api/v1/products Status: 307 Duration: 0.002s
2026-01-10 13:57:17.684 | INFO     | app.main:log_requests:35 - Incoming request: GET /api/v1/orders
2026-01-10 13:57:17.685 | INFO     | app.main:log_requests:41 - Completed: GET /api/v1/orders Status: 307 Duration: 0.001s
2026-01-10 13:57:17.688 | INFO     | app.main:log_requests:35 - Incoming request: GET /api/v1/products/
2026-01-10 13:57:17.998 | INFO     | app.main:log_requests:41 - Completed: GET /api/v1/products/ Status: 200 Duration: 0.309s
2026-01-10 13:57:18.000 | INFO     | app.main:log_requests:35 - Incoming request: GET /api/v1/orders
2026-01-10 13:57:18.002 | INFO     | app.main:log_requests:41 - Completed: GET /api/v1/orders Status: 307 Duration: 0.002s
2026-01-10 13:57:18.004 | INFO     | app.main:log_requests:35 - Incoming request: GET /api/v1/orders/
2026-01-10 13:57:18.311 | INFO     | app.main:log_requests:41 - Completed: GET /api/v1/orders/ Status: 200 Duration: 0.307s
2026-01-10 13:57:18.312 | INFO     | app.main:log_requests:35 - Incoming request: GET /api/v1/orders/
2026-01-10 13:57:18.599 | INFO     | app.main:log_requests:41 - Completed: GET /api/v1/orders/ Status: 200 Duration: 0.287s
2026-01-10 13:57:18.767 | INFO     | app.main:log_requests:35 - Incoming request: GET /api/v1/orders
2026-01-10 13:57:18.768 | INFO     | app.main:log_requests:41 - Completed: GET /api/v1/orders Status: 307 Duration: 0.001s
2026-01-10 13:57:18.771 | INFO     | app.main:log_requests:35 - Incoming request: GET /api/v1/wip/working-orders
2026-01-10 13:57:19.149 | ERROR    | app.api.v1.endpoints.wip:list_working_orders:80 - Error listing working orders: {'message': "Could not find the table 'public.working_orders' in the schema cache", 'code': 'PGRST205', 'hint': "Perhaps you meant the table 'public.work_orders'", 'details': None}
2026-01-10 13:57:19.149 | INFO     | app.main:log_requests:41 - Completed: GET /api/v1/wip/working-orders Status: 500 Duration: 0.378s
2026-01-10 13:57:19.149 | INFO     | app.main:log_requests:35 - Incoming request: GET /api/v1/orders/
2026-01-10 13:57:19.438 | INFO     | app.main:log_requests:41 - Completed: GET /api/v1/orders/ Status: 200 Duration: 0.288s
2026-01-10 13:57:20.570 | INFO     | app.main:log_requests:35 - Incoming request: GET /api/v1/wip/working-orders
2026-01-10 13:57:20.866 | ERROR    | app.api.v1.endpoints.wip:list_working_orders:80 - Error listing working orders: {'message': "Could not find the table 'public.working_orders' in the schema cache", 'code': 'PGRST205', 'hint': "Perhaps you meant the table 'public.work_orders'", 'details': None}
2026-01-10 13:57:20.867 | INFO     | app.main:log_requests:41 - Completed: GET /api/v1/wip/working-orders Status: 500 Duration: 0.297s
2026-01-10 13:57:32.665 | INFO     | app.main:log_requests:35 - Incoming request: GET /api/v1/wip/working-orders
2026-01-10 13:57:33.114 | ERROR    | app.api.v1.endpoints.wip:list_working_orders:80 - Error listing working orders: {'message': "Could not find the table 'public.working_orders' in the schema cache", 'code': 'PGRST205', 'hint': "Perhaps you meant the table 'public.work_orders'", 'details': None}
2026-01-10 13:57:33.115 | INFO     | app.main:log_requests:41 - Completed: GET /api/v1/wip/working-orders Status: 500 Duration: 0.450s
2026-01-10 13:58:03.666 | INFO     | app.main:log_requests:35 - Incoming request: GET /api/v1/orders
2026-01-10 13:58:03.666 | INFO     | app.main:log_requests:41 - Completed: GET /api/v1/orders Status: 307 Duration: 0.000s
2026-01-10 13:58:03.684 | INFO     | app.main:log_requests:35 - Incoming request: GET /api/v1/products
2026-01-10 13:58:03.684 | INFO     | app.main:log_requests:41 - Completed: GET /api/v1/products Status: 307 Duration: 0.000s
2026-01-10 13:58:03.711 | INFO     | app.main:log_requests:35 - Incoming request: GET /api/v1/orders/
2026-01-10 13:58:04.247 | INFO     | app.main:log_requests:41 - Completed: GET /api/v1/orders/ Status: 200 Duration: 0.537s
2026-01-10 13:58:04.443 | INFO     | app.main:log_requests:35 - Incoming request: GET /api/v1/orders
2026-01-10 13:58:04.451 | INFO     | app.main:log_requests:35 - Incoming request: GET /api/v1/products/
2026-01-10 13:58:05.166 | INFO     | app.main:log_requests:41 - Completed: GET /api/v1/orders Status: 307 Duration: 0.723s
2026-01-10 13:58:05.180 | INFO     | app.main:log_requests:41 - Completed: GET /api/v1/products/ Status: 200 Duration: 0.729s
2026-01-10 13:58:05.357 | INFO     | app.main:log_requests:35 - Incoming request: GET /api/v1/orders/
2026-01-10 13:58:05.978 | INFO     | app.main:log_requests:41 - Completed: GET /api/v1/orders/ Status: 200 Duration: 0.621s
2026-01-10 13:58:10.483 | INFO     | app.main:log_requests:35 - Incoming request: GET /api/v1/products
2026-01-10 13:58:10.484 | INFO     | app.main:log_requests:41 - Completed: GET /api/v1/products Status: 307 Duration: 0.002s
2026-01-10 13:58:10.489 | INFO     | app.main:log_requests:35 - Incoming request: GET /api/v1/products
2026-01-10 13:58:10.491 | INFO     | app.main:log_requests:41 - Completed: GET /api/v1/products Status: 307 Duration: 0.002s
2026-01-10 13:58:10.499 | INFO     | app.main:log_requests:35 - Incoming request: GET /api/v1/inventory-items/
2026-01-10 13:58:10.899 | INFO     | app.main:log_requests:41 - Completed: GET /api/v1/inventory-items/ Status: 200 Duration: 0.400s
2026-01-10 13:58:10.899 | INFO     | app.main:log_requests:35 - Incoming request: GET /api/v1/products/
2026-01-10 13:58:10.899 | INFO     | app.main:log_requests:35 - Incoming request: GET /api/v1/products/
2026-01-10 13:58:11.615 | INFO     | app.main:log_requests:41 - Completed: GET /api/v1/products/ Status: 200 Duration: 0.715s
2026-01-10 13:58:11.615 | INFO     | app.main:log_requests:41 - Completed: GET /api/v1/products/ Status: 200 Duration: 0.715s
2026-01-10 13:58:11.634 | INFO     | app.main:log_requests:35 - Incoming request: GET /api/v1/boms/product/c0797b9a-24d9-4d00-9126-645e2fabd5f4/active
2026-01-10 13:58:13.470 | INFO     | app.main:log_requests:35 - Incoming request: GET /api/v1/orders
2026-01-10 13:58:13.470 | INFO     | app.main:log_requests:35 - Incoming request: GET /api/v1/products
2026-01-10 13:58:13.470 | INFO     | app.main:log_requests:41 - Completed: GET /api/v1/orders Status: 307 Duration: 0.000s
2026-01-10 13:58:13.689 | INFO     | app.main:log_requests:41 - Completed: GET /api/v1/products Status: 307 Duration: 0.220s
2026-01-10 13:58:13.931 | INFO     | app.main:log_requests:35 - Incoming request: GET /api/v1/orders/
2026-01-10 13:58:14.324 | INFO     | app.main:log_requests:41 - Completed: GET /api/v1/orders/ Status: 200 Duration: 0.394s
2026-01-10 13:58:14.434 | INFO     | app.main:log_requests:35 - Incoming request: GET /api/v1/products/
2026-01-10 13:58:14.436 | INFO     | app.main:log_requests:35 - Incoming request: GET /api/v1/orders
2026-01-10 13:58:14.893 | INFO     | app.main:log_requests:41 - Completed: GET /api/v1/products/ Status: 200 Duration: 0.459s
2026-01-10 13:58:14.932 | INFO     | app.main:log_requests:41 - Completed: GET /api/v1/orders Status: 307 Duration: 0.496s
2026-01-10 13:58:15.308 | INFO     | app.main:log_requests:35 - Incoming request: GET /api/v1/orders/
2026-01-10 13:58:15.819 | INFO     | app.main:log_requests:41 - Completed: GET /api/v1/orders/ Status: 200 Duration: 0.512s
2026-01-10 13:59:10.118 | INFO     | app.main:log_requests:35 - Incoming request: GET /api/v1/wip-board/board
2026-01-10 13:59:10.837 | INFO     | app.main:log_requests:35 - Incoming request: GET /api/v1/wip-board/alerts
2026-01-10 13:59:14.624 | INFO     | app.main:log_requests:35 - Incoming request: GET /api/v1/wip/working-orders
2026-01-10 13:59:15.200 | ERROR    | app.api.v1.endpoints.wip:list_working_orders:80 - Error listing working orders: {'message': "Could not find the table 'public.working_orders' in the schema cache", 'code': 'PGRST205', 'hint': "Perhaps you meant the table 'public.work_orders'", 'details': None}
2026-01-10 13:59:15.200 | INFO     | app.main:log_requests:41 - Completed: GET /api/v1/wip/working-orders Status: 500 Duration: 0.575s
2026-01-10 13:59:17.962 | INFO     | app.main:log_requests:35 - Incoming request: GET /api/v1/orders
2026-01-10 13:59:17.964 | INFO     | app.main:log_requests:41 - Completed: GET /api/v1/orders Status: 307 Duration: 0.002s
2026-01-10 13:59:18.022 | INFO     | app.main:log_requests:35 - Incoming request: GET /api/v1/products
2026-01-10 13:59:18.023 | INFO     | app.main:log_requests:41 - Completed: GET /api/v1/products Status: 307 Duration: 0.001s
2026-01-10 13:59:18.025 | INFO     | app.main:log_requests:35 - Incoming request: GET /api/v1/orders/
2026-01-10 13:59:18.339 | INFO     | app.main:log_requests:41 - Completed: GET /api/v1/orders/ Status: 200 Duration: 0.313s
2026-01-10 13:59:18.381 | INFO     | app.main:log_requests:35 - Incoming request: GET /api/v1/products/
2026-01-10 13:59:18.786 | INFO     | app.main:log_requests:41 - Completed: GET /api/v1/products/ Status: 200 Duration: 0.405s
2026-01-10 13:59:18.880 | INFO     | app.main:log_requests:35 - Incoming request: GET /api/v1/orders
2026-01-10 13:59:18.881 | INFO     | app.main:log_requests:41 - Completed: GET /api/v1/orders Status: 307 Duration: 0.001s
2026-01-10 13:59:19.119 | INFO     | app.main:log_requests:35 - Incoming request: GET /api/v1/orders/
2026-01-10 13:59:19.507 | INFO     | app.main:log_requests:41 - Completed: GET /api/v1/orders/ Status: 200 Duration: 0.388s
2026-01-11 02:14:02.627 | INFO     | app.main:create_application:20 - Starting Manufacturing OS v1.0.0
2026-01-11 02:14:02.628 | INFO     | app.main:create_application:21 - Environment: development
2026-01-11 02:14:02.629 | INFO     | app.main:create_application:22 - Debug mode: True
2026-01-11 02:14:02.629 | INFO     | app.main:create_application:23 - Allowed origins: ['http://localhost:3000', 'http://localhost:3001', 'http://localhost:5173']
2026-01-11 02:14:02.629 | INFO     | app.main:create_application:27 - Exception handlers configured
2026-01-11 02:14:02.629 | INFO     | app.main:create_application:58 - CORS middleware configured
2026-01-11 02:14:02.842 | INFO     | app.main:create_application:62 - API router registered at /api/v1
2026-01-11 02:14:11.225 | INFO     | app.main:log_requests:35 - Incoming request: GET /api/v1/dashboard
2026-01-11 02:14:11.226 | INFO     | app.main:log_requests:41 - Completed: GET /api/v1/dashboard Status: 307 Duration: 0.001s
2026-01-11 02:14:11.232 | INFO     | app.main:log_requests:35 - Incoming request: GET /api/v1/dashboard/
2026-01-11 02:14:11.245 | INFO     | app.main:log_requests:41 - Completed: GET /api/v1/dashboard/ Status: 401 Duration: 0.013s
2026-01-11 02:14:11.251 | INFO     | app.main:log_requests:35 - Incoming request: POST /api/v1/auth/refresh
2026-01-11 02:14:13.738 | INFO     | app.main:log_requests:41 - Completed: POST /api/v1/auth/refresh Status: 200 Duration: 2.487s
2026-01-11 02:14:13.744 | INFO     | app.main:log_requests:35 - Incoming request: GET /api/v1/dashboard
2026-01-11 02:14:13.744 | INFO     | app.main:log_requests:41 - Completed: GET /api/v1/dashboard Status: 307 Duration: 0.000s
2026-01-11 02:14:13.749 | INFO     | app.main:log_requests:35 - Incoming request: GET /api/v1/dashboard/
2026-01-11 02:14:20.088 | INFO     | app.main:log_requests:41 - Completed: GET /api/v1/dashboard/ Status: 200 Duration: 6.339s
2026-01-11 02:14:22.655 | INFO     | app.main:log_requests:35 - Incoming request: GET /api/v1/products
2026-01-11 02:14:22.657 | INFO     | app.main:log_requests:41 - Completed: GET /api/v1/products Status: 307 Duration: 0.002s
2026-01-11 02:14:22.659 | INFO     | app.main:log_requests:35 - Incoming request: GET /api/v1/products
2026-01-11 02:14:22.660 | INFO     | app.main:log_requests:41 - Completed: GET /api/v1/products Status: 307 Duration: 0.001s
2026-01-11 02:14:22.662 | INFO     | app.main:log_requests:35 - Incoming request: GET /api/v1/boms
2026-01-11 02:14:22.663 | INFO     | app.main:log_requests:41 - Completed: GET /api/v1/boms Status: 307 Duration: 0.001s
2026-01-11 02:14:22.665 | INFO     | app.main:log_requests:35 - Incoming request: GET /api/v1/inventory-items/
2026-01-11 02:14:22.912 | INFO     | app.main:log_requests:41 - Completed: GET /api/v1/inventory-items/ Status: 200 Duration: 0.247s
2026-01-11 02:14:22.918 | INFO     | app.main:log_requests:35 - Incoming request: GET /api/v1/products/
2026-01-11 02:14:23.162 | INFO     | app.main:log_requests:41 - Completed: GET /api/v1/products/ Status: 200 Duration: 0.245s
2026-01-11 02:14:23.165 | INFO     | app.main:log_requests:35 - Incoming request: GET /api/v1/boms/
2026-01-11 02:14:23.425 | INFO     | app.main:log_requests:41 - Completed: GET /api/v1/boms/ Status: 200 Duration: 0.260s
2026-01-11 02:14:23.429 | INFO     | app.main:log_requests:35 - Incoming request: GET /api/v1/products/
2026-01-11 02:14:23.679 | INFO     | app.main:log_requests:41 - Completed: GET /api/v1/products/ Status: 200 Duration: 0.250s
2026-01-11 02:14:23.679 | INFO     | app.main:log_requests:35 - Incoming request: GET /api/v1/boms/product/c0797b9a-24d9-4d00-9126-645e2fabd5f4/active
2026-01-11 02:14:27.111 | INFO     | app.main:log_requests:35 - Incoming request: GET /api/v1/products
2026-01-11 02:14:27.112 | INFO     | app.main:log_requests:41 - Completed: GET /api/v1/products Status: 307 Duration: 0.001s
2026-01-11 02:14:27.113 | INFO     | app.main:log_requests:35 - Incoming request: GET /api/v1/orders
2026-01-11 02:14:27.115 | INFO     | app.main:log_requests:41 - Completed: GET /api/v1/orders Status: 307 Duration: 0.002s
2026-01-11 02:14:27.127 | INFO     | app.main:log_requests:35 - Incoming request: GET /api/v1/products/
2026-01-11 02:14:27.382 | INFO     | app.main:log_requests:41 - Completed: GET /api/v1/products/ Status: 200 Duration: 0.255s
2026-01-11 02:14:27.384 | INFO     | app.main:log_requests:35 - Incoming request: GET /api/v1/orders/
2026-01-11 02:14:27.638 | INFO     | app.main:log_requests:41 - Completed: GET /api/v1/orders/ Status: 200 Duration: 0.254s
2026-01-11 02:14:27.638 | INFO     | app.main:log_requests:35 - Incoming request: GET /api/v1/orders
2026-01-11 02:14:27.638 | INFO     | app.main:log_requests:41 - Completed: GET /api/v1/orders Status: 307 Duration: 0.000s
2026-01-11 02:14:27.657 | INFO     | app.main:log_requests:35 - Incoming request: GET /api/v1/orders/
2026-01-11 02:14:27.912 | INFO     | app.main:log_requests:41 - Completed: GET /api/v1/orders/ Status: 200 Duration: 0.255s
2026-01-11 02:14:31.004 | INFO     | app.main:log_requests:35 - Incoming request: GET /api/v1/orders
2026-01-11 02:14:31.007 | INFO     | app.main:log_requests:41 - Completed: GET /api/v1/orders Status: 307 Duration: 0.003s
2026-01-11 02:14:31.010 | INFO     | app.main:log_requests:35 - Incoming request: GET /api/v1/wip/working-orders
2026-01-11 02:14:31.321 | ERROR    | app.api.v1.endpoints.wip:list_working_orders:80 - Error listing working orders: {'message': "Could not find the table 'public.working_orders' in the schema cache", 'code': 'PGRST205', 'hint': "Perhaps you meant the table 'public.work_orders'", 'details': None}
2026-01-11 02:14:31.325 | INFO     | app.main:log_requests:41 - Completed: GET /api/v1/wip/working-orders Status: 500 Duration: 0.315s
2026-01-11 02:14:31.325 | INFO     | app.main:log_requests:35 - Incoming request: GET /api/v1/orders/
2026-01-11 02:14:31.571 | INFO     | app.main:log_requests:41 - Completed: GET /api/v1/orders/ Status: 200 Duration: 0.247s
2026-01-11 02:14:33.017 | INFO     | app.main:log_requests:35 - Incoming request: GET /api/v1/wip/working-orders
2026-01-11 02:14:33.371 | ERROR    | app.api.v1.endpoints.wip:list_working_orders:80 - Error listing working orders: {'message': "Could not find the table 'public.working_orders' in the schema cache", 'code': 'PGRST205', 'hint': "Perhaps you meant the table 'public.work_orders'", 'details': None}
2026-01-11 02:14:33.371 | INFO     | app.main:log_requests:41 - Completed: GET /api/v1/wip/working-orders Status: 500 Duration: 0.354s
2026-01-11 02:14:34.105 | INFO     | app.main:log_requests:35 - Incoming request: GET /api/v1/wip-board/board
2026-01-11 02:14:34.388 | INFO     | app.main:log_requests:35 - Incoming request: GET /api/v1/wip-board/alerts
2026-01-11 02:14:35.719 | INFO     | app.main:log_requests:35 - Incoming request: GET /api/v1/wip/working-orders
2026-01-11 02:14:35.984 | ERROR    | app.api.v1.endpoints.wip:list_working_orders:80 - Error listing working orders: {'message': "Could not find the table 'public.working_orders' in the schema cache", 'code': 'PGRST205', 'hint': "Perhaps you meant the table 'public.work_orders'", 'details': None}
2026-01-11 02:14:35.984 | INFO     | app.main:log_requests:35 - Incoming request: GET /api/v1/orders
2026-01-11 02:14:35.984 | INFO     | app.main:log_requests:41 - Completed: GET /api/v1/wip/working-orders Status: 500 Duration: 0.266s
2026-01-11 02:14:35.988 | INFO     | app.main:log_requests:41 - Completed: GET /api/v1/orders Status: 307 Duration: 0.004s
2026-01-11 02:14:35.994 | INFO     | app.main:log_requests:35 - Incoming request: GET /api/v1/orders/
2026-01-11 02:14:36.253 | INFO     | app.main:log_requests:41 - Completed: GET /api/v1/orders/ Status: 200 Duration: 0.259s
2026-01-11 02:14:36.746 | INFO     | app.main:log_requests:35 - Incoming request: GET /api/v1/orders
2026-01-11 02:14:36.747 | INFO     | app.main:log_requests:41 - Completed: GET /api/v1/orders Status: 307 Duration: 0.001s
2026-01-11 02:14:36.751 | INFO     | app.main:log_requests:35 - Incoming request: GET /api/v1/products
2026-01-11 02:14:36.753 | INFO     | app.main:log_requests:41 - Completed: GET /api/v1/products Status: 307 Duration: 0.002s
2026-01-11 02:14:36.780 | INFO     | app.main:log_requests:35 - Incoming request: GET /api/v1/orders/
2026-01-11 02:14:37.025 | INFO     | app.main:log_requests:35 - Incoming request: GET /api/v1/products/
2026-01-11 02:14:37.025 | INFO     | app.main:log_requests:41 - Completed: GET /api/v1/orders/ Status: 200 Duration: 0.246s
2026-01-11 02:14:37.268 | INFO     | app.main:log_requests:41 - Completed: GET /api/v1/products/ Status: 200 Duration: 0.243s
2026-01-11 02:14:37.268 | INFO     | app.main:log_requests:35 - Incoming request: GET /api/v1/orders
2026-01-11 02:14:37.271 | INFO     | app.main:log_requests:41 - Completed: GET /api/v1/orders Status: 307 Duration: 0.003s
2026-01-11 02:14:37.281 | INFO     | app.main:log_requests:35 - Incoming request: GET /api/v1/orders/
2026-01-11 02:14:37.535 | INFO     | app.main:log_requests:41 - Completed: GET /api/v1/orders/ Status: 200 Duration: 0.254s
2026-01-11 02:15:38.747 | INFO     | app.main:log_requests:35 - Incoming request: GET /api/v1/wip/working-orders
2026-01-11 02:15:39.092 | ERROR    | app.api.v1.endpoints.wip:list_working_orders:80 - Error listing working orders: {'message': "Could not find the table 'public.working_orders' in the schema cache", 'code': 'PGRST205', 'hint': "Perhaps you meant the table 'public.work_orders'", 'details': None}
2026-01-11 02:15:39.092 | INFO     | app.main:log_requests:35 - Incoming request: GET /api/v1/orders
2026-01-11 02:15:39.092 | INFO     | app.main:log_requests:41 - Completed: GET /api/v1/wip/working-orders Status: 500 Duration: 0.345s
2026-01-11 02:15:39.092 | INFO     | app.main:log_requests:41 - Completed: GET /api/v1/orders Status: 307 Duration: 0.000s
2026-01-11 02:15:39.104 | INFO     | app.main:log_requests:35 - Incoming request: GET /api/v1/orders/
2026-01-11 02:15:39.379 | INFO     | app.main:log_requests:41 - Completed: GET /api/v1/orders/ Status: 200 Duration: 0.275s
2026-01-11 02:15:40.080 | INFO     | app.main:log_requests:35 - Incoming request: GET /api/v1/orders
2026-01-11 02:15:40.082 | INFO     | app.main:log_requests:41 - Completed: GET /api/v1/orders Status: 307 Duration: 0.002s
2026-01-11 02:15:40.087 | INFO     | app.main:log_requests:35 - Incoming request: GET /api/v1/products
2026-01-11 02:15:40.088 | INFO     | app.main:log_requests:41 - Completed: GET /api/v1/products Status: 307 Duration: 0.001s
2026-01-11 02:15:40.098 | INFO     | app.main:log_requests:35 - Incoming request: GET /api/v1/orders/
2026-01-11 02:15:40.365 | INFO     | app.main:log_requests:35 - Incoming request: GET /api/v1/products/
2026-01-11 02:15:40.365 | INFO     | app.main:log_requests:41 - Completed: GET /api/v1/orders/ Status: 200 Duration: 0.267s
2026-01-11 02:15:40.635 | INFO     | app.main:log_requests:41 - Completed: GET /api/v1/products/ Status: 200 Duration: 0.270s
2026-01-11 02:15:40.637 | INFO     | app.main:log_requests:35 - Incoming request: GET /api/v1/orders
2026-01-11 02:15:40.638 | INFO     | app.main:log_requests:41 - Completed: GET /api/v1/orders Status: 307 Duration: 0.001s
2026-01-11 02:15:40.646 | INFO     | app.main:log_requests:35 - Incoming request: GET /api/v1/orders/
2026-01-11 02:15:40.921 | INFO     | app.main:log_requests:41 - Completed: GET /api/v1/orders/ Status: 200 Duration: 0.275s
2026-01-11 02:17:25.238 | INFO     | app.main:log_requests:35 - Incoming request: GET /api/v1/wip/working-orders
2026-01-11 02:17:25.768 | ERROR    | app.api.v1.endpoints.wip:list_working_orders:80 - Error listing working orders: {'message': "Could not find the table 'public.working_orders' in the schema cache", 'code': 'PGRST205', 'hint': "Perhaps you meant the table 'public.work_orders'", 'details': None}
2026-01-11 02:17:25.769 | INFO     | app.main:log_requests:35 - Incoming request: GET /api/v1/orders
2026-01-11 02:17:25.769 | INFO     | app.main:log_requests:41 - Completed: GET /api/v1/wip/working-orders Status: 500 Duration: 0.531s
2026-01-11 02:17:25.771 | INFO     | app.main:log_requests:41 - Completed: GET /api/v1/orders Status: 307 Duration: 0.002s
2026-01-11 02:17:25.779 | INFO     | app.main:log_requests:35 - Incoming request: GET /api/v1/orders/
2026-01-11 02:17:26.050 | INFO     | app.main:log_requests:41 - Completed: GET /api/v1/orders/ Status: 200 Duration: 0.272s
2026-01-11 02:30:25.999 | INFO     | app.main:log_requests:35 - Incoming request: GET /api/v1/orders
2026-01-11 02:30:26.034 | INFO     | app.main:log_requests:35 - Incoming request: GET /api/v1/wip/working-orders
2026-01-11 02:30:26.034 | INFO     | app.main:log_requests:41 - Completed: GET /api/v1/orders Status: 307 Duration: 0.035s
2026-01-11 02:30:27.038 | ERROR    | app.api.v1.endpoints.wip:list_working_orders:80 - Error listing working orders: {'message': "Could not find the table 'public.working_orders' in the schema cache", 'code': 'PGRST205', 'hint': "Perhaps you meant the table 'public.work_orders'", 'details': None}
2026-01-11 02:30:27.044 | INFO     | app.main:log_requests:41 - Completed: GET /api/v1/wip/working-orders Status: 500 Duration: 1.009s
2026-01-11 02:30:27.050 | INFO     | app.main:log_requests:35 - Incoming request: GET /api/v1/orders/
2026-01-11 02:30:27.322 | INFO     | app.main:log_requests:41 - Completed: GET /api/v1/orders/ Status: 200 Duration: 0.272s
2026-01-11 02:30:32.869 | INFO     | app.main:log_requests:35 - Incoming request: GET /api/v1/wip/working-orders
2026-01-11 02:30:33.159 | ERROR    | app.api.v1.endpoints.wip:list_working_orders:80 - Error listing working orders: {'message': "Could not find the table 'public.working_orders' in the schema cache", 'code': 'PGRST205', 'hint': "Perhaps you meant the table 'public.work_orders'", 'details': None}
2026-01-11 02:30:33.159 | INFO     | app.main:log_requests:35 - Incoming request: GET /api/v1/orders
2026-01-11 02:30:33.162 | INFO     | app.main:log_requests:41 - Completed: GET /api/v1/wip/working-orders Status: 500 Duration: 0.292s
2026-01-11 02:30:33.162 | INFO     | app.main:log_requests:41 - Completed: GET /api/v1/orders Status: 307 Duration: 0.003s
2026-01-11 02:30:33.171 | INFO     | app.main:log_requests:35 - Incoming request: GET /api/v1/orders/
2026-01-11 02:30:33.426 | INFO     | app.main:log_requests:41 - Completed: GET /api/v1/orders/ Status: 200 Duration: 0.255s
2026-01-11 02:30:49.171 | INFO     | app.main:log_requests:35 - Incoming request: GET /api/v1/boms
2026-01-11 02:30:49.171 | INFO     | app.main:log_requests:35 - Incoming request: GET /api/v1/products
2026-01-11 02:30:49.171 | INFO     | app.main:log_requests:35 - Incoming request: GET /api/v1/products
2026-01-11 02:30:49.171 | INFO     | app.main:log_requests:41 - Completed: GET /api/v1/boms Status: 307 Duration: 0.000s
2026-01-11 02:30:49.176 | INFO     | app.main:log_requests:35 - Incoming request: GET /api/v1/inventory-items/
2026-01-11 02:30:49.479 | INFO     | app.main:log_requests:41 - Completed: GET /api/v1/products Status: 307 Duration: 0.308s
2026-01-11 02:30:49.482 | INFO     | app.main:log_requests:41 - Completed: GET /api/v1/products Status: 307 Duration: 0.311s
2026-01-11 02:30:49.482 | INFO     | app.main:log_requests:41 - Completed: GET /api/v1/inventory-items/ Status: 200 Duration: 0.306s
2026-01-11 02:30:49.490 | INFO     | app.main:log_requests:35 - Incoming request: GET /api/v1/boms/
2026-01-11 02:30:49.879 | INFO     | app.main:log_requests:41 - Completed: GET /api/v1/boms/ Status: 200 Duration: 0.390s
2026-01-11 02:30:49.882 | INFO     | app.main:log_requests:35 - Incoming request: GET /api/v1/products/
2026-01-11 02:30:49.882 | INFO     | app.main:log_requests:35 - Incoming request: GET /api/v1/products/
2026-01-11 02:30:50.388 | INFO     | app.main:log_requests:41 - Completed: GET /api/v1/products/ Status: 200 Duration: 0.506s
2026-01-11 02:30:50.388 | INFO     | app.main:log_requests:41 - Completed: GET /api/v1/products/ Status: 200 Duration: 0.506s
2026-01-11 02:30:50.421 | INFO     | app.main:log_requests:35 - Incoming request: GET /api/v1/boms/product/c0797b9a-24d9-4d00-9126-645e2fabd5f4/active
2026-01-11 02:30:52.149 | INFO     | app.main:log_requests:35 - Incoming request: GET /api/v1/orders
2026-01-11 02:30:52.149 | INFO     | app.main:log_requests:35 - Incoming request: GET /api/v1/products
2026-01-11 02:30:52.149 | INFO     | app.main:log_requests:41 - Completed: GET /api/v1/orders Status: 307 Duration: 0.000s
2026-01-11 02:30:52.149 | INFO     | app.main:log_requests:41 - Completed: GET /api/v1/products Status: 307 Duration: 0.000s
2026-01-11 02:30:52.154 | INFO     | app.main:log_requests:35 - Incoming request: GET /api/v1/orders/
2026-01-11 02:30:52.409 | INFO     | app.main:log_requests:41 - Completed: GET /api/v1/orders/ Status: 200 Duration: 0.256s
2026-01-11 02:30:52.409 | INFO     | app.main:log_requests:35 - Incoming request: GET /api/v1/products/
2026-01-11 02:30:52.661 | INFO     | app.main:log_requests:41 - Completed: GET /api/v1/products/ Status: 200 Duration: 0.252s
2026-01-11 02:30:52.662 | INFO     | app.main:log_requests:35 - Incoming request: GET /api/v1/orders
2026-01-11 02:30:52.662 | INFO     | app.main:log_requests:41 - Completed: GET /api/v1/orders Status: 307 Duration: 0.000s
2026-01-11 02:30:52.671 | INFO     | app.main:log_requests:35 - Incoming request: GET /api/v1/orders/
2026-01-11 02:30:52.932 | INFO     | app.main:log_requests:41 - Completed: GET /api/v1/orders/ Status: 200 Duration: 0.261s
2026-01-11 02:31:23.868 | INFO     | app.main:log_requests:35 - Incoming request: DELETE /api/v1/orders/21e1b612-6695-4689-823f-5f2d1e8642cb
2026-01-11 02:31:23.872 | INFO     | app.main:log_requests:41 - Completed: DELETE /api/v1/orders/21e1b612-6695-4689-823f-5f2d1e8642cb Status: 405 Duration: 0.003s
2026-01-11 02:31:30.669 | INFO     | app.main:log_requests:35 - Incoming request: GET /api/v1/orders
2026-01-11 02:31:30.670 | INFO     | app.main:log_requests:41 - Completed: GET /api/v1/orders Status: 307 Duration: 0.001s
2026-01-11 02:31:30.674 | INFO     | app.main:log_requests:35 - Incoming request: GET /api/v1/orders/
2026-01-11 02:31:31.121 | INFO     | app.main:log_requests:41 - Completed: GET /api/v1/orders/ Status: 200 Duration: 0.448s
2026-01-11 02:31:33.882 | INFO     | app.main:log_requests:35 - Incoming request: GET /api/v1/wip/working-orders
2026-01-11 02:31:34.171 | ERROR    | app.api.v1.endpoints.wip:list_working_orders:80 - Error listing working orders: {'message': "Could not find the table 'public.working_orders' in the schema cache", 'code': 'PGRST205', 'hint': "Perhaps you meant the table 'public.work_orders'", 'details': None}
2026-01-11 02:31:34.173 | INFO     | app.main:log_requests:41 - Completed: GET /api/v1/wip/working-orders Status: 500 Duration: 0.291s
2026-01-11 02:31:34.175 | INFO     | app.main:log_requests:35 - Incoming request: GET /api/v1/orders
2026-01-11 02:31:34.175 | INFO     | app.main:log_requests:41 - Completed: GET /api/v1/orders Status: 307 Duration: 0.000s
2026-01-11 02:31:34.182 | INFO     | app.main:log_requests:35 - Incoming request: GET /api/v1/orders/
2026-01-11 02:31:34.459 | INFO     | app.main:log_requests:41 - Completed: GET /api/v1/orders/ Status: 200 Duration: 0.277s
2026-01-11 02:31:35.553 | INFO     | app.main:log_requests:35 - Incoming request: GET /api/v1/orders
2026-01-11 02:31:35.554 | INFO     | app.main:log_requests:41 - Completed: GET /api/v1/orders Status: 307 Duration: 0.001s
2026-01-11 02:31:35.559 | INFO     | app.main:log_requests:35 - Incoming request: GET /api/v1/products
2026-01-11 02:31:35.561 | INFO     | app.main:log_requests:41 - Completed: GET /api/v1/products Status: 307 Duration: 0.002s
2026-01-11 02:31:35.571 | INFO     | app.main:log_requests:35 - Incoming request: GET /api/v1/orders/
2026-01-11 02:31:35.838 | INFO     | app.main:log_requests:35 - Incoming request: GET /api/v1/products/
2026-01-11 02:31:35.838 | INFO     | app.main:log_requests:41 - Completed: GET /api/v1/orders/ Status: 200 Duration: 0.268s
2026-01-11 02:31:36.122 | INFO     | app.main:log_requests:41 - Completed: GET /api/v1/products/ Status: 200 Duration: 0.284s
2026-01-11 02:31:36.122 | INFO     | app.main:log_requests:35 - Incoming request: GET /api/v1/orders
2026-01-11 02:31:36.122 | INFO     | app.main:log_requests:41 - Completed: GET /api/v1/orders Status: 307 Duration: 0.000s
2026-01-11 02:31:36.135 | INFO     | app.main:log_requests:35 - Incoming request: GET /api/v1/orders/
2026-01-11 02:31:36.415 | INFO     | app.main:log_requests:41 - Completed: GET /api/v1/orders/ Status: 200 Duration: 0.280s
2026-01-12 03:32:05.162 | INFO     | app.main:create_application:20 - Starting Manufacturing OS v1.0.0
2026-01-12 03:32:05.162 | INFO     | app.main:create_application:21 - Environment: development
2026-01-12 03:32:05.162 | INFO     | app.main:create_application:22 - Debug mode: True
2026-01-12 03:32:05.165 | INFO     | app.main:create_application:23 - Allowed origins: ['http://localhost:3000', 'http://localhost:3001', 'http://localhost:5173']
2026-01-12 03:32:05.165 | INFO     | app.main:create_application:27 - Exception handlers configured
2026-01-12 03:32:05.165 | INFO     | app.main:create_application:58 - CORS middleware configured
2026-01-12 03:32:05.419 | INFO     | app.main:create_application:62 - API router registered at /api/v1
2026-01-12 03:32:21.939 | INFO     | app.main:log_requests:35 - Incoming request: GET /api/v1/dashboard
2026-01-12 03:32:21.940 | INFO     | app.main:log_requests:41 - Completed: GET /api/v1/dashboard Status: 307 Duration: 0.001s
2026-01-12 03:32:21.945 | INFO     | app.main:log_requests:35 - Incoming request: GET /api/v1/dashboard/
2026-01-12 03:32:21.976 | INFO     | app.main:log_requests:41 - Completed: GET /api/v1/dashboard/ Status: 401 Duration: 0.031s
2026-01-12 03:32:21.983 | INFO     | app.main:log_requests:35 - Incoming request: POST /api/v1/auth/refresh
2026-01-12 03:32:24.617 | INFO     | app.main:log_requests:41 - Completed: POST /api/v1/auth/refresh Status: 200 Duration: 2.633s
2026-01-12 03:32:24.621 | INFO     | app.main:log_requests:35 - Incoming request: GET /api/v1/dashboard
2026-01-12 03:32:24.623 | INFO     | app.main:log_requests:41 - Completed: GET /api/v1/dashboard Status: 307 Duration: 0.001s
2026-01-12 03:32:24.627 | INFO     | app.main:log_requests:35 - Incoming request: GET /api/v1/dashboard/
2026-01-12 03:32:31.891 | INFO     | app.main:log_requests:41 - Completed: GET /api/v1/dashboard/ Status: 200 Duration: 7.264s
2026-01-12 03:32:32.897 | INFO     | app.main:log_requests:35 - Incoming request: GET /api/v1/products
2026-01-12 03:32:32.900 | INFO     | app.main:log_requests:35 - Incoming request: GET /api/v1/products
2026-01-12 03:32:32.901 | INFO     | app.main:log_requests:41 - Completed: GET /api/v1/products Status: 307 Duration: 0.004s
2026-01-12 03:32:32.903 | INFO     | app.main:log_requests:41 - Completed: GET /api/v1/products Status: 307 Duration: 0.003s
2026-01-12 03:32:32.914 | INFO     | app.main:log_requests:35 - Incoming request: GET /api/v1/inventory-items/
2026-01-12 03:32:33.194 | INFO     | app.main:log_requests:41 - Completed: GET /api/v1/inventory-items/ Status: 200 Duration: 0.280s
2026-01-12 03:32:33.200 | INFO     | app.main:log_requests:35 - Incoming request: GET /api/v1/products/
2026-01-12 03:32:33.477 | INFO     | app.main:log_requests:41 - Completed: GET /api/v1/products/ Status: 200 Duration: 0.277s
2026-01-12 03:32:33.478 | INFO     | app.main:log_requests:35 - Incoming request: GET /api/v1/products/
2026-01-12 03:32:33.750 | INFO     | app.main:log_requests:41 - Completed: GET /api/v1/products/ Status: 200 Duration: 0.272s
2026-01-12 03:32:33.753 | INFO     | app.main:log_requests:35 - Incoming request: GET /api/v1/boms/product/c0797b9a-24d9-4d00-9126-645e2fabd5f4/active
2026-01-12 03:32:35.338 | INFO     | app.main:log_requests:35 - Incoming request: GET /api/v1/products
2026-01-12 03:32:35.340 | INFO     | app.main:log_requests:41 - Completed: GET /api/v1/products Status: 307 Duration: 0.002s
2026-01-12 03:32:35.341 | INFO     | app.main:log_requests:35 - Incoming request: GET /api/v1/orders
2026-01-12 03:32:35.342 | INFO     | app.main:log_requests:41 - Completed: GET /api/v1/orders Status: 307 Duration: 0.001s
2026-01-12 03:32:35.344 | INFO     | app.main:log_requests:35 - Incoming request: GET /api/v1/products/
2026-01-12 03:32:35.618 | INFO     | app.main:log_requests:41 - Completed: GET /api/v1/products/ Status: 200 Duration: 0.274s
2026-01-12 03:32:35.622 | INFO     | app.main:log_requests:35 - Incoming request: GET /api/v1/orders/
2026-01-12 03:32:35.894 | INFO     | app.main:log_requests:41 - Completed: GET /api/v1/orders/ Status: 200 Duration: 0.272s
2026-01-12 03:32:35.895 | INFO     | app.main:log_requests:35 - Incoming request: GET /api/v1/orders
2026-01-12 03:32:35.897 | INFO     | app.main:log_requests:41 - Completed: GET /api/v1/orders Status: 307 Duration: 0.002s
2026-01-12 03:32:35.912 | INFO     | app.main:log_requests:35 - Incoming request: GET /api/v1/orders/
2026-01-12 03:32:36.183 | INFO     | app.main:log_requests:41 - Completed: GET /api/v1/orders/ Status: 200 Duration: 0.271s
2026-01-12 03:32:38.133 | INFO     | app.main:log_requests:35 - Incoming request: GET /api/v1/orders
2026-01-12 03:32:38.134 | INFO     | app.main:log_requests:41 - Completed: GET /api/v1/orders Status: 307 Duration: 0.001s
2026-01-12 03:32:38.135 | INFO     | app.main:log_requests:35 - Incoming request: GET /api/v1/wip/working-orders
2026-01-12 03:32:38.545 | ERROR    | app.api.v1.endpoints.wip:list_working_orders:80 - Error listing working orders: {'message': "Could not find the table 'public.working_orders' in the schema cache", 'code': 'PGRST205', 'hint': "Perhaps you meant the table 'public.work_orders'", 'details': None}
2026-01-12 03:32:38.546 | INFO     | app.main:log_requests:41 - Completed: GET /api/v1/wip/working-orders Status: 500 Duration: 0.411s
2026-01-12 03:32:38.547 | INFO     | app.main:log_requests:35 - Incoming request: GET /api/v1/orders/
2026-01-12 03:32:38.825 | INFO     | app.main:log_requests:41 - Completed: GET /api/v1/orders/ Status: 200 Duration: 0.278s
2026-01-12 03:32:39.900 | INFO     | app.main:log_requests:35 - Incoming request: GET /api/v1/orders
2026-01-12 03:32:39.902 | INFO     | app.main:log_requests:41 - Completed: GET /api/v1/orders Status: 307 Duration: 0.002s
2026-01-12 03:32:39.904 | INFO     | app.main:log_requests:35 - Incoming request: GET /api/v1/products
2026-01-12 03:32:39.906 | INFO     | app.main:log_requests:41 - Completed: GET /api/v1/products Status: 307 Duration: 0.002s
2026-01-12 03:32:39.920 | INFO     | app.main:log_requests:35 - Incoming request: GET /api/v1/orders/
2026-01-12 03:32:40.197 | INFO     | app.main:log_requests:35 - Incoming request: GET /api/v1/products/
2026-01-12 03:32:40.197 | INFO     | app.main:log_requests:41 - Completed: GET /api/v1/orders/ Status: 200 Duration: 0.278s
2026-01-12 03:32:40.468 | INFO     | app.main:log_requests:41 - Completed: GET /api/v1/products/ Status: 200 Duration: 0.270s
2026-01-12 03:32:40.469 | INFO     | app.main:log_requests:35 - Incoming request: GET /api/v1/orders
2026-01-12 03:32:40.471 | INFO     | app.main:log_requests:41 - Completed: GET /api/v1/orders Status: 307 Duration: 0.002s
2026-01-12 03:32:40.479 | INFO     | app.main:log_requests:35 - Incoming request: GET /api/v1/orders/
2026-01-12 03:32:40.755 | INFO     | app.main:log_requests:41 - Completed: GET /api/v1/orders/ Status: 200 Duration: 0.277s
2026-01-12 03:32:40.885 | INFO     | app.main:log_requests:35 - Incoming request: GET /api/v1/wip/working-orders
2026-01-12 03:32:41.157 | ERROR    | app.api.v1.endpoints.wip:list_working_orders:80 - Error listing working orders: {'message': "Could not find the table 'public.working_orders' in the schema cache", 'code': 'PGRST205', 'hint': "Perhaps you meant the table 'public.work_orders'", 'details': None}
2026-01-12 03:32:41.159 | INFO     | app.main:log_requests:41 - Completed: GET /api/v1/wip/working-orders Status: 500 Duration: 0.274s
2026-01-12 03:32:41.159 | INFO     | app.main:log_requests:35 - Incoming request: GET /api/v1/orders
2026-01-12 03:32:41.160 | INFO     | app.main:log_requests:41 - Completed: GET /api/v1/orders Status: 307 Duration: 0.001s
2026-01-12 03:32:41.166 | INFO     | app.main:log_requests:35 - Incoming request: GET /api/v1/orders/
2026-01-12 03:32:41.433 | INFO     | app.main:log_requests:41 - Completed: GET /api/v1/orders/ Status: 200 Duration: 0.267s
2026-01-12 03:32:41.850 | INFO     | app.main:log_requests:35 - Incoming request: GET /api/v1/wip-board/board
2026-01-12 03:32:42.122 | INFO     | app.main:log_requests:35 - Incoming request: GET /api/v1/wip-board/alerts
2026-01-12 03:32:42.977 | INFO     | app.main:log_requests:35 - Incoming request: GET /api/v1/wip/working-orders
2026-01-12 03:32:43.245 | ERROR    | app.api.v1.endpoints.wip:list_working_orders:80 - Error listing working orders: {'message': "Could not find the table 'public.working_orders' in the schema cache", 'code': 'PGRST205', 'hint': "Perhaps you meant the table 'public.work_orders'", 'details': None}
2026-01-12 03:32:43.245 | INFO     | app.main:log_requests:41 - Completed: GET /api/v1/wip/working-orders Status: 500 Duration: 0.268s
2026-01-12 03:32:43.248 | INFO     | app.main:log_requests:35 - Incoming request: GET /api/v1/orders
2026-01-12 03:32:43.249 | INFO     | app.main:log_requests:41 - Completed: GET /api/v1/orders Status: 307 Duration: 0.001s
2026-01-12 03:32:43.254 | INFO     | app.main:log_requests:35 - Incoming request: GET /api/v1/orders/
2026-01-12 03:32:43.517 | INFO     | app.main:log_requests:41 - Completed: GET /api/v1/orders/ Status: 200 Duration: 0.263s
2026-01-12 03:32:44.858 | INFO     | app.main:log_requests:35 - Incoming request: GET /api/v1/orders
2026-01-12 03:32:44.861 | INFO     | app.main:log_requests:35 - Incoming request: GET /api/v1/products
2026-01-12 03:32:44.862 | INFO     | app.main:log_requests:41 - Completed: GET /api/v1/orders Status: 307 Duration: 0.004s
2026-01-12 03:32:44.865 | INFO     | app.main:log_requests:41 - Completed: GET /api/v1/products Status: 307 Duration: 0.003s
2026-01-12 03:32:44.879 | INFO     | app.main:log_requests:35 - Incoming request: GET /api/v1/orders/
2026-01-12 03:32:45.146 | INFO     | app.main:log_requests:35 - Incoming request: GET /api/v1/products/
2026-01-12 03:32:45.147 | INFO     | app.main:log_requests:41 - Completed: GET /api/v1/orders/ Status: 200 Duration: 0.269s
2026-01-12 03:32:45.413 | INFO     | app.main:log_requests:41 - Completed: GET /api/v1/products/ Status: 200 Duration: 0.267s
2026-01-12 03:32:45.415 | INFO     | app.main:log_requests:35 - Incoming request: GET /api/v1/orders
2026-01-12 03:32:45.417 | INFO     | app.main:log_requests:41 - Completed: GET /api/v1/orders Status: 307 Duration: 0.001s
2026-01-12 03:32:45.425 | INFO     | app.main:log_requests:35 - Incoming request: GET /api/v1/orders/
2026-01-12 03:32:45.689 | INFO     | app.main:log_requests:41 - Completed: GET /api/v1/orders/ Status: 200 Duration: 0.264s
2026-01-12 03:35:08.322 | INFO     | app.main:log_requests:35 - Incoming request: GET /api/v1/inventory-items/
2026-01-12 03:35:08.949 | INFO     | app.main:log_requests:41 - Completed: GET /api/v1/inventory-items/ Status: 200 Duration: 0.627s
2026-01-12 03:35:21.608 | INFO     | app.main:log_requests:35 - Incoming request: GET /api/v1/wip/working-orders
2026-01-12 03:35:21.891 | ERROR    | app.api.v1.endpoints.wip:list_working_orders:80 - Error listing working orders: {'message': "Could not find the table 'public.working_orders' in the schema cache", 'code': 'PGRST205', 'hint': "Perhaps you meant the table 'public.work_orders'", 'details': None}
2026-01-12 03:35:21.891 | INFO     | app.main:log_requests:41 - Completed: GET /api/v1/wip/working-orders Status: 500 Duration: 0.283s
2026-01-12 03:35:21.898 | INFO     | app.main:log_requests:35 - Incoming request: GET /api/v1/orders
2026-01-12 03:35:21.898 | INFO     | app.main:log_requests:41 - Completed: GET /api/v1/orders Status: 307 Duration: 0.000s
2026-01-12 03:35:21.905 | INFO     | app.main:log_requests:35 - Incoming request: GET /api/v1/orders/
2026-01-12 03:35:22.172 | INFO     | app.main:log_requests:41 - Completed: GET /api/v1/orders/ Status: 200 Duration: 0.268s
2026-01-12 03:35:22.605 | INFO     | app.main:log_requests:35 - Incoming request: GET /api/v1/orders
2026-01-12 03:35:22.607 | INFO     | app.main:log_requests:41 - Completed: GET /api/v1/orders Status: 307 Duration: 0.001s
2026-01-12 03:35:22.614 | INFO     | app.main:log_requests:35 - Incoming request: GET /api/v1/products
2026-01-12 03:35:22.615 | INFO     | app.main:log_requests:41 - Completed: GET /api/v1/products Status: 307 Duration: 0.001s
2026-01-12 03:35:22.626 | INFO     | app.main:log_requests:35 - Incoming request: GET /api/v1/orders/
2026-01-12 03:35:22.908 | INFO     | app.main:log_requests:35 - Incoming request: GET /api/v1/products/
2026-01-12 03:35:22.908 | INFO     | app.main:log_requests:41 - Completed: GET /api/v1/orders/ Status: 200 Duration: 0.282s
2026-01-12 03:35:23.180 | INFO     | app.main:log_requests:41 - Completed: GET /api/v1/products/ Status: 200 Duration: 0.272s
2026-01-12 03:35:23.180 | INFO     | app.main:log_requests:35 - Incoming request: GET /api/v1/orders
2026-01-12 03:35:23.180 | INFO     | app.main:log_requests:41 - Completed: GET /api/v1/orders Status: 307 Duration: 0.000s
2026-01-12 03:35:23.192 | INFO     | app.main:log_requests:35 - Incoming request: GET /api/v1/orders/
2026-01-12 03:35:23.460 | INFO     | app.main:log_requests:41 - Completed: GET /api/v1/orders/ Status: 200 Duration: 0.268s
2026-01-12 03:38:04.715 | INFO     | app.main:log_requests:35 - Incoming request: GET /api/v1/purchase-orders/
2026-01-12 03:38:04.715 | INFO     | app.main:log_requests:41 - Completed: GET /api/v1/purchase-orders/ Status: 404 Duration: 0.000s
2026-01-12 03:38:15.993 | INFO     | app.main:create_application:20 - Starting Manufacturing OS v1.0.0
2026-01-12 03:38:15.994 | INFO     | app.main:create_application:21 - Environment: development
2026-01-12 03:38:15.994 | INFO     | app.main:create_application:22 - Debug mode: True
2026-01-12 03:38:15.995 | INFO     | app.main:create_application:23 - Allowed origins: ['http://localhost:3000', 'http://localhost:3001', 'http://localhost:5173']
2026-01-12 03:38:15.995 | INFO     | app.main:create_application:27 - Exception handlers configured
2026-01-12 03:38:15.995 | INFO     | app.main:create_application:58 - CORS middleware configured
2026-01-12 03:38:16.229 | INFO     | app.main:create_application:62 - API router registered at /api/v1
2026-01-12 03:38:24.651 | INFO     | app.main:log_requests:35 - Incoming request: GET /docs
2026-01-12 03:38:24.651 | INFO     | app.main:log_requests:41 - Completed: GET /docs Status: 200 Duration: 0.001s
2026-01-12 03:38:26.251 | INFO     | app.main:log_requests:35 - Incoming request: GET /
2026-01-12 03:38:26.255 | INFO     | app.main:root:67 - Root endpoint accessed
2026-01-12 03:38:26.255 | INFO     | app.main:log_requests:41 - Completed: GET / Status: 200 Duration: 0.004s
2026-01-12 03:38:28.743 | INFO     | app.main:log_requests:35 - Incoming request: GET /api/v1/purchase-orders/
2026-01-12 03:38:28.745 | INFO     | app.main:log_requests:41 - Completed: GET /api/v1/purchase-orders/ Status: 404 Duration: 0.002s
2026-01-12 03:38:42.252 | INFO     | app.main:log_requests:35 - Incoming request: GET /api/v1/orders/
2026-01-12 03:38:42.254 | INFO     | app.main:log_requests:41 - Completed: GET /api/v1/orders/ Status: 401 Duration: 0.002s
2026-01-12 03:38:53.351 | INFO     | app.main:log_requests:35 - Incoming request: GET /api/v1/dashboard
2026-01-12 03:38:53.351 | INFO     | app.main:log_requests:41 - Completed: GET /api/v1/dashboard Status: 307 Duration: 0.000s
2026-01-12 03:38:53.373 | INFO     | app.main:log_requests:35 - Incoming request: GET /api/v1/dashboard/
2026-01-12 03:38:53.373 | INFO     | app.main:log_requests:41 - Completed: GET /api/v1/dashboard/ Status: 401 Duration: 0.000s
2026-01-12 03:38:53.398 | INFO     | app.main:log_requests:35 - Incoming request: POST /api/v1/auth/refresh
2026-01-12 03:38:54.555 | INFO     | app.main:log_requests:41 - Completed: POST /api/v1/auth/refresh Status: 200 Duration: 1.156s
2026-01-12 03:38:54.562 | INFO     | app.main:log_requests:35 - Incoming request: GET /api/v1/dashboard
2026-01-12 03:38:54.562 | INFO     | app.main:log_requests:41 - Completed: GET /api/v1/dashboard Status: 307 Duration: 0.000s
2026-01-12 03:38:54.568 | INFO     | app.main:log_requests:35 - Incoming request: GET /api/v1/dashboard/
2026-01-12 03:38:59.782 | INFO     | app.main:log_requests:41 - Completed: GET /api/v1/dashboard/ Status: 200 Duration: 5.213s
2026-01-12 03:39:23.339 | INFO     | app.main:log_requests:35 - Incoming request: GET /api/v1/dashboard
2026-01-12 03:39:23.339 | INFO     | app.main:log_requests:41 - Completed: GET /api/v1/dashboard Status: 307 Duration: 0.001s
2026-01-12 03:39:23.341 | INFO     | app.main:log_requests:35 - Incoming request: GET /api/v1/dashboard/
2026-01-12 03:39:28.591 | INFO     | app.main:log_requests:41 - Completed: GET /api/v1/dashboard/ Status: 200 Duration: 5.250s
2026-01-12 03:39:53.332 | INFO     | app.main:log_requests:35 - Incoming request: GET /api/v1/dashboard
2026-01-12 03:39:53.332 | INFO     | app.main:log_requests:41 - Completed: GET /api/v1/dashboard Status: 307 Duration: 0.000s
2026-01-12 03:39:53.337 | INFO     | app.main:log_requests:35 - Incoming request: GET /api/v1/dashboard/
2026-01-12 03:39:58.848 | INFO     | app.main:log_requests:41 - Completed: GET /api/v1/dashboard/ Status: 200 Duration: 5.511s
2026-01-12 03:40:23.327 | INFO     | app.main:log_requests:35 - Incoming request: GET /api/v1/dashboard
2026-01-12 03:40:23.329 | INFO     | app.main:log_requests:41 - Completed: GET /api/v1/dashboard Status: 307 Duration: 0.003s
2026-01-12 03:40:23.329 | INFO     | app.main:log_requests:35 - Incoming request: GET /api/v1/dashboard/
2026-01-12 03:40:30.180 | INFO     | app.main:log_requests:41 - Completed: GET /api/v1/dashboard/ Status: 200 Duration: 6.850s
2026-01-12 03:40:53.339 | INFO     | app.main:log_requests:35 - Incoming request: GET /api/v1/dashboard
2026-01-12 03:40:53.339 | INFO     | app.main:log_requests:41 - Completed: GET /api/v1/dashboard Status: 307 Duration: 0.000s
2026-01-12 03:40:53.341 | INFO     | app.main:log_requests:35 - Incoming request: GET /api/v1/dashboard/
2026-01-12 03:40:59.257 | INFO     | app.main:log_requests:41 - Completed: GET /api/v1/dashboard/ Status: 200 Duration: 5.916s
2026-01-12 03:41:23.333 | INFO     | app.main:log_requests:35 - Incoming request: GET /api/v1/dashboard
2026-01-12 03:41:23.333 | INFO     | app.main:log_requests:41 - Completed: GET /api/v1/dashboard Status: 307 Duration: 0.000s
2026-01-12 03:41:23.338 | INFO     | app.main:log_requests:35 - Incoming request: GET /api/v1/dashboard/
2026-01-12 03:41:28.765 | INFO     | app.main:log_requests:41 - Completed: GET /api/v1/dashboard/ Status: 200 Duration: 5.427s
2026-01-12 03:41:53.013 | INFO     | app.main:log_requests:35 - Incoming request: GET /api/v1/dashboard
2026-01-12 03:41:53.015 | INFO     | app.main:log_requests:41 - Completed: GET /api/v1/dashboard Status: 307 Duration: 0.002s
2026-01-12 03:41:53.018 | INFO     | app.main:log_requests:35 - Incoming request: GET /api/v1/dashboard/
2026-01-12 03:41:58.741 | INFO     | app.main:log_requests:41 - Completed: GET /api/v1/dashboard/ Status: 200 Duration: 5.723s
2026-01-12 03:42:23.323 | INFO     | app.main:log_requests:35 - Incoming request: GET /api/v1/dashboard
2026-01-12 03:42:23.323 | INFO     | app.main:log_requests:41 - Completed: GET /api/v1/dashboard Status: 307 Duration: 0.000s
2026-01-12 03:42:23.323 | INFO     | app.main:log_requests:35 - Incoming request: GET /api/v1/dashboard/
2026-01-12 03:42:28.929 | INFO     | app.main:log_requests:41 - Completed: GET /api/v1/dashboard/ Status: 200 Duration: 5.606s
2026-01-12 03:42:53.021 | INFO     | app.main:log_requests:35 - Incoming request: GET /api/v1/dashboard
2026-01-12 03:42:53.021 | INFO     | app.main:log_requests:41 - Completed: GET /api/v1/dashboard Status: 307 Duration: 0.001s
2026-01-12 03:42:53.024 | INFO     | app.main:log_requests:35 - Incoming request: GET /api/v1/dashboard/
2026-01-12 03:42:58.635 | INFO     | app.main:log_requests:41 - Completed: GET /api/v1/dashboard/ Status: 200 Duration: 5.611s
2026-01-12 03:43:25.447 | INFO     | app.main:log_requests:35 - Incoming request: GET /api/v1/dashboard
2026-01-12 03:43:25.449 | INFO     | app.main:log_requests:41 - Completed: GET /api/v1/dashboard Status: 307 Duration: 0.002s
2026-01-12 03:43:25.451 | INFO     | app.main:log_requests:35 - Incoming request: GET /api/v1/dashboard
2026-01-12 03:43:25.452 | INFO     | app.main:log_requests:41 - Completed: GET /api/v1/dashboard Status: 307 Duration: 0.001s
2026-01-12 03:43:25.455 | INFO     | app.main:log_requests:35 - Incoming request: GET /api/v1/dashboard/
2026-01-12 03:43:30.891 | INFO     | app.main:log_requests:41 - Completed: GET /api/v1/dashboard/ Status: 200 Duration: 5.436s
2026-01-12 03:43:30.898 | INFO     | app.main:log_requests:35 - Incoming request: GET /api/v1/dashboard/
2026-01-12 03:43:36.170 | INFO     | app.main:log_requests:41 - Completed: GET /api/v1/dashboard/ Status: 200 Duration: 5.272s
2026-01-12 03:43:38.074 | INFO     | app.main:log_requests:35 - Incoming request: GET /api/v1/orders
2026-01-12 03:43:38.076 | INFO     | app.main:log_requests:35 - Incoming request: GET /api/v1/products
2026-01-12 03:43:38.076 | INFO     | app.main:log_requests:41 - Completed: GET /api/v1/orders Status: 307 Duration: 0.002s
2026-01-12 03:43:38.119 | INFO     | app.main:log_requests:41 - Completed: GET /api/v1/products Status: 307 Duration: 0.043s
2026-01-12 03:43:38.385 | INFO     | app.main:log_requests:35 - Incoming request: GET /api/v1/orders/
2026-01-12 03:43:38.734 | INFO     | app.main:log_requests:35 - Incoming request: GET /api/v1/products/
2026-01-12 03:43:38.735 | INFO     | app.main:log_requests:41 - Completed: GET /api/v1/orders/ Status: 200 Duration: 0.350s
2026-01-12 03:43:39.018 | INFO     | app.main:log_requests:35 - Incoming request: GET /api/v1/orders
2026-01-12 03:43:39.035 | INFO     | app.main:log_requests:41 - Completed: GET /api/v1/products/ Status: 200 Duration: 0.301s
2026-01-12 03:43:39.065 | INFO     | app.main:log_requests:41 - Completed: GET /api/v1/orders Status: 307 Duration: 0.046s
2026-01-12 03:43:39.129 | INFO     | app.main:log_requests:35 - Incoming request: GET /api/v1/orders/
2026-01-12 03:43:39.388 | INFO     | app.main:log_requests:41 - Completed: GET /api/v1/orders/ Status: 200 Duration: 0.259s
2026-01-12 03:43:55.501 | INFO     | app.main:log_requests:35 - Incoming request: GET /api/v1/dashboard
2026-01-12 03:43:55.502 | INFO     | app.main:log_requests:41 - Completed: GET /api/v1/dashboard Status: 307 Duration: 0.001s
2026-01-12 03:43:55.502 | INFO     | app.main:log_requests:35 - Incoming request: DELETE /api/v1/orders/21e1b612-6695-4689-823f-5f2d1e8642cb
2026-01-12 03:43:55.505 | INFO     | app.main:log_requests:41 - Completed: DELETE /api/v1/orders/21e1b612-6695-4689-823f-5f2d1e8642cb Status: 405 Duration: 0.003s
2026-01-12 03:43:55.505 | INFO     | app.main:log_requests:35 - Incoming request: GET /api/v1/dashboard/
2026-01-12 03:44:01.058 | INFO     | app.main:log_requests:41 - Completed: GET /api/v1/dashboard/ Status: 200 Duration: 5.553s
2026-01-12 03:44:01.062 | INFO     | app.main:log_requests:35 - Incoming request: GET /api/v1/orders
2026-01-12 03:44:01.062 | INFO     | app.main:log_requests:41 - Completed: GET /api/v1/orders Status: 307 Duration: 0.000s
2026-01-12 03:44:01.069 | INFO     | app.main:log_requests:35 - Incoming request: GET /api/v1/orders/
2026-01-12 03:44:01.349 | INFO     | app.main:log_requests:41 - Completed: GET /api/v1/orders/ Status: 200 Duration: 0.280s
2026-01-12 03:44:10.291 | INFO     | app.main:create_application:20 - Starting Manufacturing OS v1.0.0
2026-01-12 03:44:10.296 | INFO     | app.main:create_application:21 - Environment: development
2026-01-12 03:44:10.297 | INFO     | app.main:create_application:22 - Debug mode: True
2026-01-12 03:44:10.297 | INFO     | app.main:create_application:23 - Allowed origins: ['http://localhost:3000', 'http://localhost:3001', 'http://localhost:5173']
2026-01-12 03:44:10.297 | INFO     | app.main:create_application:27 - Exception handlers configured
2026-01-12 03:44:10.299 | INFO     | app.main:create_application:58 - CORS middleware configured
2026-01-12 03:44:10.576 | INFO     | app.main:create_application:62 - API router registered at /api/v1
2026-01-12 03:44:10.673 | INFO     | app.main:create_application:20 - Starting Manufacturing OS v1.0.0
2026-01-12 03:44:10.673 | INFO     | app.main:create_application:21 - Environment: development
2026-01-12 03:44:10.673 | INFO     | app.main:create_application:22 - Debug mode: True
2026-01-12 03:44:10.673 | INFO     | app.main:create_application:23 - Allowed origins: ['http://localhost:3000', 'http://localhost:3001', 'http://localhost:5173']
2026-01-12 03:44:10.673 | INFO     | app.main:create_application:27 - Exception handlers configured
2026-01-12 03:44:10.673 | INFO     | app.main:create_application:58 - CORS middleware configured
2026-01-12 03:44:10.913 | INFO     | app.main:create_application:62 - API router registered at /api/v1
2026-01-12 03:44:25.510 | INFO     | app.main:log_requests:35 - Incoming request: GET /api/v1/dashboard
2026-01-12 03:44:25.510 | INFO     | app.main:log_requests:41 - Completed: GET /api/v1/dashboard Status: 307 Duration: 0.000s
2026-01-12 03:44:25.512 | INFO     | app.main:log_requests:35 - Incoming request: GET /api/v1/dashboard/
2026-01-12 03:44:31.449 | INFO     | app.main:log_requests:41 - Completed: GET /api/v1/dashboard/ Status: 200 Duration: 5.937s
2026-01-12 03:44:55.489 | INFO     | app.main:log_requests:35 - Incoming request: GET /api/v1/dashboard
2026-01-12 03:44:55.489 | INFO     | app.main:log_requests:41 - Completed: GET /api/v1/dashboard Status: 307 Duration: 0.000s
2026-01-12 03:44:55.491 | INFO     | app.main:log_requests:35 - Incoming request: GET /api/v1/dashboard/
2026-01-12 03:45:01.053 | INFO     | app.main:log_requests:41 - Completed: GET /api/v1/dashboard/ Status: 200 Duration: 5.562s
2026-01-12 03:45:25.492 | INFO     | app.main:log_requests:35 - Incoming request: GET /api/v1/dashboard
2026-01-12 03:45:25.493 | INFO     | app.main:log_requests:41 - Completed: GET /api/v1/dashboard Status: 307 Duration: 0.001s
2026-01-12 03:45:25.493 | INFO     | app.main:log_requests:35 - Incoming request: GET /api/v1/dashboard/
2026-01-12 03:45:30.948 | INFO     | app.main:log_requests:41 - Completed: GET /api/v1/dashboard/ Status: 200 Duration: 5.455s
2026-01-12 03:45:55.488 | INFO     | app.main:log_requests:35 - Incoming request: GET /api/v1/dashboard
2026-01-12 03:45:55.489 | INFO     | app.main:log_requests:41 - Completed: GET /api/v1/dashboard Status: 307 Duration: 0.001s
2026-01-12 03:45:55.491 | INFO     | app.main:log_requests:35 - Incoming request: GET /api/v1/dashboard/
2026-01-12 03:46:00.979 | INFO     | app.main:log_requests:41 - Completed: GET /api/v1/dashboard/ Status: 200 Duration: 5.487s
2026-01-12 03:46:25.499 | INFO     | app.main:log_requests:35 - Incoming request: GET /api/v1/dashboard
2026-01-12 03:46:25.501 | INFO     | app.main:log_requests:41 - Completed: GET /api/v1/dashboard Status: 307 Duration: 0.002s
2026-01-12 03:46:25.501 | INFO     | app.main:log_requests:35 - Incoming request: GET /api/v1/dashboard/
2026-01-12 03:46:31.023 | INFO     | app.main:log_requests:41 - Completed: GET /api/v1/dashboard/ Status: 200 Duration: 5.521s
2026-01-12 03:46:55.494 | INFO     | app.main:log_requests:35 - Incoming request: GET /api/v1/dashboard
2026-01-12 03:46:55.494 | INFO     | app.main:log_requests:41 - Completed: GET /api/v1/dashboard Status: 307 Duration: 0.000s
2026-01-12 03:46:55.498 | INFO     | app.main:log_requests:35 - Incoming request: GET /api/v1/dashboard/
2026-01-12 03:47:01.133 | INFO     | app.main:log_requests:41 - Completed: GET /api/v1/dashboard/ Status: 200 Duration: 5.634s
2026-01-12 03:47:25.489 | INFO     | app.main:log_requests:35 - Incoming request: GET /api/v1/dashboard
2026-01-12 03:47:25.490 | INFO     | app.main:log_requests:41 - Completed: GET /api/v1/dashboard Status: 307 Duration: 0.002s
2026-01-12 03:47:25.491 | INFO     | app.main:log_requests:35 - Incoming request: GET /api/v1/dashboard/
2026-01-12 03:47:31.231 | INFO     | app.main:log_requests:41 - Completed: GET /api/v1/dashboard/ Status: 200 Duration: 5.740s
2026-01-12 03:47:44.941 | INFO     | app.main:create_application:20 - Starting Manufacturing OS v1.0.0
2026-01-12 03:47:44.931 | INFO     | app.main:create_application:20 - Starting Manufacturing OS v1.0.0
2026-01-12 03:47:44.941 | INFO     | app.main:create_application:21 - Environment: development
2026-01-12 03:47:44.931 | INFO     | app.main:create_application:21 - Environment: development
2026-01-12 03:47:44.931 | INFO     | app.main:create_application:22 - Debug mode: True
2026-01-12 03:47:44.931 | INFO     | app.main:create_application:23 - Allowed origins: ['http://localhost:3000', 'http://localhost:3001', 'http://localhost:5173']
2026-01-12 03:47:44.931 | INFO     | app.main:create_application:27 - Exception handlers configured
2026-01-12 03:47:44.931 | INFO     | app.main:create_application:58 - CORS middleware configured
2026-01-12 03:47:44.941 | INFO     | app.main:create_application:22 - Debug mode: True
2026-01-12 03:47:44.941 | INFO     | app.main:create_application:23 - Allowed origins: ['http://localhost:3000', 'http://localhost:3001', 'http://localhost:5173']
2026-01-12 03:47:44.941 | INFO     | app.main:create_application:27 - Exception handlers configured
2026-01-12 03:47:44.941 | INFO     | app.main:create_application:58 - CORS middleware configured
2026-01-12 03:47:45.230 | INFO     | app.main:create_application:62 - API router registered at /api/v1
2026-01-12 03:47:45.230 | INFO     | app.main:create_application:62 - API router registered at /api/v1
2026-01-12 03:47:55.505 | INFO     | app.main:log_requests:35 - Incoming request: GET /api/v1/dashboard
2026-01-12 03:47:55.505 | INFO     | app.main:log_requests:41 - Completed: GET /api/v1/dashboard Status: 307 Duration: 0.000s
2026-01-12 03:47:55.511 | INFO     | app.main:log_requests:35 - Incoming request: GET /api/v1/dashboard/
2026-01-12 03:48:00.298 | INFO     | app.main:create_application:20 - Starting Manufacturing OS v1.0.0
2026-01-12 03:48:00.298 | INFO     | app.main:create_application:21 - Environment: development
2026-01-12 03:48:00.298 | INFO     | app.main:create_application:22 - Debug mode: True
2026-01-12 03:48:00.298 | INFO     | app.main:create_application:23 - Allowed origins: ['http://localhost:3000', 'http://localhost:3001', 'http://localhost:5173']
2026-01-12 03:48:00.298 | INFO     | app.main:create_application:27 - Exception handlers configured
2026-01-12 03:48:00.298 | INFO     | app.main:create_application:58 - CORS middleware configured
2026-01-12 03:48:00.536 | INFO     | app.main:create_application:62 - API router registered at /api/v1
2026-01-12 03:48:01.515 | INFO     | app.main:log_requests:41 - Completed: GET /api/v1/dashboard/ Status: 200 Duration: 6.004s
2026-01-12 03:48:05.183 | INFO     | app.main:create_application:20 - Starting Manufacturing OS v1.0.0
2026-01-12 03:48:05.183 | INFO     | app.main:create_application:21 - Environment: development
2026-01-12 03:48:05.183 | INFO     | app.main:create_application:22 - Debug mode: True
2026-01-12 03:48:05.183 | INFO     | app.main:create_application:23 - Allowed origins: ['http://localhost:3000', 'http://localhost:3001', 'http://localhost:5173']
2026-01-12 03:48:05.183 | INFO     | app.main:create_application:27 - Exception handlers configured
2026-01-12 03:48:05.183 | INFO     | app.main:create_application:58 - CORS middleware configured
2026-01-12 03:48:05.415 | INFO     | app.main:create_application:62 - API router registered at /api/v1
2026-01-12 03:48:14.048 | INFO     | app.main:create_application:20 - Starting Manufacturing OS v1.0.0
2026-01-12 03:48:14.048 | INFO     | app.main:create_application:21 - Environment: development
2026-01-12 03:48:14.048 | INFO     | app.main:create_application:22 - Debug mode: True
2026-01-12 03:48:14.048 | INFO     | app.main:create_application:20 - Starting Manufacturing OS v1.0.0
2026-01-12 03:48:14.048 | INFO     | app.main:create_application:21 - Environment: development
2026-01-12 03:48:14.048 | INFO     | app.main:create_application:23 - Allowed origins: ['http://localhost:3000', 'http://localhost:3001', 'http://localhost:5173']
2026-01-12 03:48:14.048 | INFO     | app.main:create_application:27 - Exception handlers configured
:48:14.048 | INFO     | app.main:create_application:23 - Allowed origins: ['http://localhost:3000', 'http://localhost:3001', 'http://localhost:5173']
2026-01-12 03:48:14.048 | INFO     | app.main:create_application:27 - Exception handlers configured
2026-01-12 03:48:14.048 | INFO     | app.main:create_application:58 - CORS middleware configured
2026-01-12 03:48:14.364 | INFO     | app.main:create_application:62 - API router registered at /api/v1
2026-01-12 03:48:14.368 | INFO     | app.main:create_application:62 - API router registered at /api/v1
2026-01-12 03:48:25.501 | INFO     | app.main:log_requests:35 - Incoming request: GET /api/v1/dashboard
2026-01-12 03:48:25.501 | INFO     | app.main:log_requests:41 - Completed: GET /api/v1/dashboard Status: 307 Duration: 0.001s
2026-01-12 03:48:25.505 | INFO     | app.main:log_requests:35 - Incoming request: GET /api/v1/dashboard/
2026-01-12 03:48:31.298 | INFO     | app.main:log_requests:41 - Completed: GET /api/v1/dashboard/ Status: 200 Duration: 5.793s
2026-01-12 03:48:35.172 | INFO     | app.main:create_application:20 - Starting Manufacturing OS v1.0.0
2026-01-12 03:48:35.172 | INFO     | app.main:create_application:21 - Environment: development
2026-01-12 03:48:35.179 | INFO     | app.main:create_application:22 - Debug mode: True
2026-01-12 03:48:35.179 | INFO     | app.main:create_application:23 - Allowed origins: ['http://localhost:3000', 'http://localhost:3001', 'http://localhost:5173']
2026-01-12 03:48:35.180 | INFO     | app.main:create_application:27 - Exception handlers configured
2026-01-12 03:48:35.180 | INFO     | app.main:create_application:58 - CORS middleware configured
2026-01-12 03:48:35.466 | INFO     | app.main:create_application:62 - API router registered at /api/v1
2026-01-12 03:48:36.018 | INFO     | app.main:create_application:20 - Starting Manufacturing OS v1.0.0
2026-01-12 03:48:36.018 | INFO     | app.main:create_application:21 - Environment: development
2026-01-12 03:48:36.018 | INFO     | app.main:create_application:22 - Debug mode: True
2026-01-12 03:48:36.023 | INFO     | app.main:create_application:23 - Allowed origins: ['http://localhost:3000', 'http://localhost:3001', 'http://localhost:5173']
2026-01-12 03:48:36.023 | INFO     | app.main:create_application:27 - Exception handlers configured
2026-01-12 03:48:36.023 | INFO     | app.main:create_application:58 - CORS middleware configured
2026-01-12 03:48:36.258 | INFO     | app.main:create_application:62 - API router registered at /api/v1
2026-01-12 03:48:55.498 | INFO     | app.main:log_requests:35 - Incoming request: GET /api/v1/dashboard
2026-01-12 03:48:55.501 | INFO     | app.main:log_requests:41 - Completed: GET /api/v1/dashboard Status: 307 Duration: 0.003s
2026-01-12 03:48:55.510 | INFO     | app.main:log_requests:35 - Incoming request: GET /api/v1/dashboard/
2026-01-12 03:49:11.908 | INFO     | app.main:create_application:20 - Starting Manufacturing OS v1.0.0
2026-01-12 03:49:11.908 | INFO     | app.main:create_application:21 - Environment: development
2026-01-12 03:49:11.908 | INFO     | app.main:create_application:22 - Debug mode: True
2026-01-12 03:49:11.908 | INFO     | app.main:create_application:23 - Allowed origins: ['http://localhost:3000', 'http://localhost:3001', 'http://localhost:5173']
2026-01-12 03:49:11.908 | INFO     | app.main:create_application:27 - Exception handlers configured
2026-01-12 03:49:11.909 | INFO     | app.main:create_application:58 - CORS middleware configured
2026-01-12 03:49:12.259 | INFO     | app.main:create_application:62 - API router registered at /api/v1
2026-01-12 03:49:25.491 | INFO     | app.main:log_requests:35 - Incoming request: GET /api/v1/dashboard
2026-01-12 03:49:25.491 | INFO     | app.main:log_requests:41 - Completed: GET /api/v1/dashboard Status: 307 Duration: 0.001s
2026-01-12 03:49:25.494 | INFO     | app.main:log_requests:35 - Incoming request: GET /api/v1/dashboard/
2026-01-12 03:49:31.308 | INFO     | app.main:log_requests:41 - Completed: GET /api/v1/dashboard/ Status: 200 Duration: 5.814s
2026-01-12 03:49:55.480 | INFO     | app.main:log_requests:35 - Incoming request: GET /api/v1/dashboard
2026-01-12 03:49:55.481 | INFO     | app.main:log_requests:41 - Completed: GET /api/v1/dashboard Status: 307 Duration: 0.001s
2026-01-12 03:49:55.484 | INFO     | app.main:log_requests:35 - Incoming request: GET /api/v1/dashboard/
2026-01-12 03:50:00.954 | INFO     | app.main:log_requests:41 - Completed: GET /api/v1/dashboard/ Status: 200 Duration: 5.471s
2026-01-12 03:50:02.560 | INFO     | app.main:log_requests:35 - Incoming request: GET /api/v1/orders
2026-01-12 03:50:02.562 | INFO     | app.main:log_requests:41 - Completed: GET /api/v1/orders Status: 307 Duration: 0.002s
2026-01-12 03:50:02.564 | INFO     | app.main:log_requests:35 - Incoming request: GET /api/v1/products
2026-01-12 03:50:02.565 | INFO     | app.main:log_requests:41 - Completed: GET /api/v1/products Status: 307 Duration: 0.001s
2026-01-12 03:50:02.569 | INFO     | app.main:log_requests:35 - Incoming request: GET /api/v1/orders/
2026-01-12 03:50:02.842 | INFO     | app.main:log_requests:41 - Completed: GET /api/v1/orders/ Status: 200 Duration: 0.272s
2026-01-12 03:50:02.848 | INFO     | app.main:log_requests:35 - Incoming request: GET /api/v1/products/
2026-01-12 03:50:03.116 | INFO     | app.main:log_requests:41 - Completed: GET /api/v1/products/ Status: 200 Duration: 0.268s
2026-01-12 03:50:03.116 | INFO     | app.main:log_requests:35 - Incoming request: GET /api/v1/orders
2026-01-12 03:50:03.118 | INFO     | app.main:log_requests:41 - Completed: GET /api/v1/orders Status: 307 Duration: 0.003s
2026-01-12 03:50:03.123 | INFO     | app.main:log_requests:35 - Incoming request: GET /api/v1/orders/
2026-01-12 03:50:03.393 | INFO     | app.main:log_requests:41 - Completed: GET /api/v1/orders/ Status: 200 Duration: 0.270s
2026-01-12 03:50:05.505 | INFO     | app.main:log_requests:35 - Incoming request: GET /api/v1/products
2026-01-12 03:50:05.508 | INFO     | app.main:log_requests:41 - Completed: GET /api/v1/products Status: 307 Duration: 0.004s
2026-01-12 03:50:05.524 | INFO     | app.main:log_requests:35 - Incoming request: GET /api/v1/products
2026-01-12 03:50:05.525 | INFO     | app.main:log_requests:35 - Incoming request: GET /api/v1/inventory-items/
2026-01-12 03:50:05.526 | INFO     | app.main:log_requests:41 - Completed: GET /api/v1/products Status: 307 Duration: 0.002s
2026-01-12 03:50:05.799 | INFO     | app.main:log_requests:35 - Incoming request: GET /api/v1/products/
2026-01-12 03:50:06.065 | INFO     | app.main:log_requests:41 - Completed: GET /api/v1/inventory-items/ Status: 200 Duration: 0.540s
2026-01-12 03:50:06.068 | INFO     | app.main:log_requests:41 - Completed: GET /api/v1/products/ Status: 200 Duration: 0.270s
2026-01-12 03:50:06.070 | INFO     | app.main:log_requests:35 - Incoming request: GET /api/v1/products/
2026-01-12 03:50:06.351 | INFO     | app.main:log_requests:41 - Completed: GET /api/v1/products/ Status: 200 Duration: 0.281s
2026-01-12 03:50:06.355 | INFO     | app.main:log_requests:35 - Incoming request: GET /api/v1/boms/product/c0797b9a-24d9-4d00-9126-645e2fabd5f4/active
2026-01-12 03:50:06.922 | INFO     | app.main:log_requests:35 - Incoming request: GET /api/v1/orders
2026-01-12 03:50:06.922 | INFO     | app.main:log_requests:35 - Incoming request: GET /api/v1/products
2026-01-12 03:50:06.929 | INFO     | app.main:log_requests:41 - Completed: GET /api/v1/orders Status: 307 Duration: 0.007s
2026-01-12 03:50:06.929 | INFO     | app.main:log_requests:41 - Completed: GET /api/v1/products Status: 307 Duration: 0.007s
2026-01-12 03:50:06.929 | INFO     | app.main:log_requests:35 - Incoming request: GET /api/v1/orders/
2026-01-12 03:50:07.202 | INFO     | app.main:log_requests:41 - Completed: GET /api/v1/orders/ Status: 200 Duration: 0.272s
2026-01-12 03:50:07.202 | INFO     | app.main:log_requests:35 - Incoming request: GET /api/v1/products/
2026-01-12 03:50:07.480 | INFO     | app.main:log_requests:41 - Completed: GET /api/v1/products/ Status: 200 Duration: 0.278s
2026-01-12 03:50:07.480 | INFO     | app.main:log_requests:35 - Incoming request: GET /api/v1/orders
2026-01-12 03:50:07.480 | INFO     | app.main:log_requests:41 - Completed: GET /api/v1/orders Status: 307 Duration: 0.000s
2026-01-12 03:50:07.480 | INFO     | app.main:log_requests:35 - Incoming request: GET /api/v1/orders/
2026-01-12 03:50:07.761 | INFO     | app.main:log_requests:41 - Completed: GET /api/v1/orders/ Status: 200 Duration: 0.281s
2026-01-12 03:50:08.739 | INFO     | app.main:log_requests:35 - Incoming request: GET /api/v1/orders
2026-01-12 03:50:08.741 | INFO     | app.main:log_requests:41 - Completed: GET /api/v1/orders Status: 307 Duration: 0.002s
2026-01-12 03:50:08.741 | INFO     | app.main:log_requests:35 - Incoming request: GET /api/v1/wip/working-orders
2026-01-12 03:50:09.023 | ERROR    | app.api.v1.endpoints.wip:list_working_orders:80 - Error listing working orders: {'message': "Could not find the table 'public.working_orders' in the schema cache", 'code': 'PGRST205', 'hint': "Perhaps you meant the table 'public.work_orders'", 'details': None}
2026-01-12 03:50:09.029 | INFO     | app.main:log_requests:41 - Completed: GET /api/v1/wip/working-orders Status: 500 Duration: 0.288s
2026-01-12 03:50:09.030 | INFO     | app.main:log_requests:35 - Incoming request: GET /api/v1/orders/
2026-01-12 03:50:09.298 | INFO     | app.main:log_requests:41 - Completed: GET /api/v1/orders/ Status: 200 Duration: 0.268s
2026-01-12 03:50:11.337 | INFO     | app.main:log_requests:35 - Incoming request: GET /api/v1/wip-board/board
2026-01-12 03:50:11.650 | INFO     | app.main:log_requests:35 - Incoming request: GET /api/v1/wip-board/alerts
2026-01-12 03:50:13.072 | INFO     | app.main:log_requests:35 - Incoming request: GET /api/v1/inventory-items
2026-01-12 03:50:13.079 | INFO     | app.main:log_requests:41 - Completed: GET /api/v1/inventory-items Status: 307 Duration: 0.007s
2026-01-12 03:50:13.087 | INFO     | app.main:log_requests:35 - Incoming request: GET /api/v1/material-transfers
2026-01-12 03:50:13.089 | INFO     | app.main:log_requests:41 - Completed: GET /api/v1/material-transfers Status: 307 Duration: 0.002s
2026-01-12 03:50:13.091 | INFO     | app.main:log_requests:35 - Incoming request: GET /api/v1/wip-stages
2026-01-12 03:50:13.095 | INFO     | app.main:log_requests:41 - Completed: GET /api/v1/wip-stages Status: 404 Duration: 0.004s
2026-01-12 03:50:13.098 | INFO     | app.main:log_requests:35 - Incoming request: GET /api/v1/working-orders
2026-01-12 03:50:13.101 | INFO     | app.main:log_requests:41 - Completed: GET /api/v1/working-orders Status: 404 Duration: 0.002s
2026-01-12 03:50:13.113 | INFO     | app.main:log_requests:35 - Incoming request: GET /api/v1/inventory-items/
2026-01-12 03:50:13.384 | INFO     | app.main:log_requests:41 - Completed: GET /api/v1/inventory-items/ Status: 200 Duration: 0.271s
2026-01-12 03:50:13.386 | INFO     | app.main:log_requests:35 - Incoming request: GET /api/v1/material-transfers/
2026-01-12 03:50:13.676 | INFO     | app.main:log_requests:41 - Completed: GET /api/v1/material-transfers/ Status: 200 Duration: 0.290s
2026-01-12 03:50:15.178 | INFO     | app.main:log_requests:35 - Incoming request: GET /api/v1/inventory-items
2026-01-12 03:50:15.179 | INFO     | app.main:log_requests:41 - Completed: GET /api/v1/inventory-items Status: 307 Duration: 0.001s
2026-01-12 03:50:15.180 | INFO     | app.main:log_requests:35 - Incoming request: GET /api/v1/material-transfers
2026-01-12 03:50:15.184 | INFO     | app.main:log_requests:35 - Incoming request: GET /api/v1/wip-stages
2026-01-12 03:50:15.186 | INFO     | app.main:log_requests:41 - Completed: GET /api/v1/material-transfers Status: 307 Duration: 0.007s
2026-01-12 03:50:15.190 | INFO     | app.main:log_requests:41 - Completed: GET /api/v1/wip-stages Status: 404 Duration: 0.006s
2026-01-12 03:50:15.191 | INFO     | app.main:log_requests:35 - Incoming request: GET /api/v1/working-orders
2026-01-12 03:50:15.194 | INFO     | app.main:log_requests:41 - Completed: GET /api/v1/working-orders Status: 404 Duration: 0.003s
2026-01-12 03:50:15.196 | INFO     | app.main:log_requests:35 - Incoming request: GET /api/v1/inventory-items/
2026-01-12 03:50:15.462 | INFO     | app.main:log_requests:35 - Incoming request: GET /api/v1/material-transfers/
2026-01-12 03:50:15.462 | INFO     | app.main:log_requests:41 - Completed: GET /api/v1/inventory-items/ Status: 200 Duration: 0.265s
2026-01-12 03:50:15.722 | INFO     | app.main:log_requests:41 - Completed: GET /api/v1/material-transfers/ Status: 200 Duration: 0.261s
2026-01-12 03:50:24.773 | INFO     | app.main:log_requests:35 - Incoming request: GET /api/v1/orders
2026-01-12 03:50:24.773 | INFO     | app.main:log_requests:35 - Incoming request: GET /api/v1/products
2026-01-12 03:50:24.773 | INFO     | app.main:log_requests:41 - Completed: GET /api/v1/orders Status: 307 Duration: 0.000s
2026-01-12 03:50:24.773 | INFO     | app.main:log_requests:41 - Completed: GET /api/v1/products Status: 307 Duration: 0.000s
2026-01-12 03:50:24.779 | INFO     | app.main:log_requests:35 - Incoming request: GET /api/v1/orders/
2026-01-12 03:50:25.096 | INFO     | app.main:log_requests:41 - Completed: GET /api/v1/orders/ Status: 200 Duration: 0.317s
2026-01-12 03:50:25.097 | INFO     | app.main:log_requests:35 - Incoming request: GET /api/v1/products/
2026-01-12 03:50:25.372 | INFO     | app.main:log_requests:41 - Completed: GET /api/v1/products/ Status: 200 Duration: 0.275s
2026-01-12 03:50:25.372 | INFO     | app.main:log_requests:35 - Incoming request: GET /api/v1/orders
2026-01-12 03:50:25.372 | INFO     | app.main:log_requests:41 - Completed: GET /api/v1/orders Status: 307 Duration: 0.000s
2026-01-12 03:50:25.385 | INFO     | app.main:log_requests:35 - Incoming request: GET /api/v1/orders/
2026-01-12 03:50:25.691 | INFO     | app.main:log_requests:41 - Completed: GET /api/v1/orders/ Status: 200 Duration: 0.306s
2026-01-12 03:50:45.082 | INFO     | app.main:log_requests:35 - Incoming request: GET /api/v1/wip/working-orders
2026-01-12 03:50:46.310 | ERROR    | app.api.v1.endpoints.wip:list_working_orders:80 - Error listing working orders: {'message': "Could not find the table 'public.working_orders' in the schema cache", 'code': 'PGRST205', 'hint': "Perhaps you meant the table 'public.work_orders'", 'details': None}
2026-01-12 03:50:46.311 | INFO     | app.main:log_requests:35 - Incoming request: GET /api/v1/orders
2026-01-12 03:50:46.311 | INFO     | app.main:log_requests:41 - Completed: GET /api/v1/wip/working-orders Status: 500 Duration: 1.229s
2026-01-12 03:50:46.312 | INFO     | app.main:log_requests:41 - Completed: GET /api/v1/orders Status: 307 Duration: 0.001s
2026-01-12 03:50:46.321 | INFO     | app.main:log_requests:35 - Incoming request: GET /api/v1/orders/
2026-01-12 03:50:46.769 | INFO     | app.main:log_requests:41 - Completed: GET /api/v1/orders/ Status: 200 Duration: 0.448s
2026-01-12 03:50:58.756 | INFO     | app.main:log_requests:35 - Incoming request: GET /api/v1/wip-board/board
2026-01-12 03:50:59.112 | INFO     | app.main:log_requests:35 - Incoming request: GET /api/v1/wip-board/alerts
2026-01-12 10:50:00.593 | INFO     | app.main:create_application:20 - Starting Manufacturing OS v1.0.0
2026-01-12 10:50:00.593 | INFO     | app.main:create_application:21 - Environment: development
2026-01-12 10:50:00.593 | INFO     | app.main:create_application:22 - Debug mode: True
2026-01-12 10:50:00.593 | INFO     | app.main:create_application:23 - Allowed origins: ['http://localhost:3000', 'http://localhost:3001', 'http://localhost:5173']
2026-01-12 10:50:00.593 | INFO     | app.main:create_application:27 - Exception handlers configured
2026-01-12 10:50:00.593 | INFO     | app.main:create_application:58 - CORS middleware configured
2026-01-12 10:50:00.850 | INFO     | app.main:create_application:62 - API router registered at /api/v1
2026-01-12 10:50:11.483 | INFO     | app.main:log_requests:35 - Incoming request: GET /api/v1/dashboard
2026-01-12 10:50:11.485 | INFO     | app.main:log_requests:41 - Completed: GET /api/v1/dashboard Status: 307 Duration: 0.002s
2026-01-12 10:50:11.506 | INFO     | app.main:log_requests:35 - Incoming request: GET /api/v1/dashboard/
2026-01-12 10:50:11.559 | INFO     | app.main:log_requests:41 - Completed: GET /api/v1/dashboard/ Status: 401 Duration: 0.054s
2026-01-12 10:50:11.569 | INFO     | app.main:log_requests:35 - Incoming request: POST /api/v1/auth/refresh
2026-01-12 10:50:23.320 | INFO     | app.main:log_requests:35 - Incoming request: POST /api/v1/auth/login
2026-01-12 10:50:30.792 | INFO     | app.main:log_requests:35 - Incoming request: POST /api/v1/auth/login
2026-01-12 10:50:35.592 | INFO     | app.main:log_requests:35 - Incoming request: POST /api/v1/auth/login
2026-01-12 10:51:11.349 | INFO     | app.main:create_application:20 - Starting Manufacturing OS v1.0.0
2026-01-12 10:51:11.349 | INFO     | app.main:create_application:21 - Environment: development
2026-01-12 10:51:11.350 | INFO     | app.main:create_application:22 - Debug mode: True
2026-01-12 10:51:11.350 | INFO     | app.main:create_application:23 - Allowed origins: ['http://localhost:3000', 'http://localhost:3001', 'http://localhost:5173']
2026-01-12 10:51:11.350 | INFO     | app.main:create_application:27 - Exception handlers configured
2026-01-12 10:51:11.350 | INFO     | app.main:create_application:58 - CORS middleware configured
2026-01-12 10:51:11.610 | INFO     | app.main:create_application:62 - API router registered at /api/v1
2026-01-12 10:57:51.620 | INFO     | app.main:log_requests:35 - Incoming request: POST /api/v1/auth/login
2026-01-12 10:58:18.410 | INFO     | app.main:create_application:20 - Starting Manufacturing OS v1.0.0
2026-01-12 10:58:18.411 | INFO     | app.main:create_application:21 - Environment: development
2026-01-12 10:58:18.411 | INFO     | app.main:create_application:22 - Debug mode: True
2026-01-12 10:58:18.412 | INFO     | app.main:create_application:23 - Allowed origins: ['http://localhost:3000', 'http://localhost:3001', 'http://localhost:5173']
2026-01-12 10:58:18.413 | INFO     | app.main:create_application:27 - Exception handlers configured
2026-01-12 10:58:18.413 | INFO     | app.main:create_application:58 - CORS middleware configured
2026-01-12 10:58:18.621 | INFO     | app.main:create_application:62 - API router registered at /api/v1
2026-01-12 10:58:37.201 | INFO     | app.main:log_requests:35 - Incoming request: POST /api/v1/auth/login
2026-01-12 11:01:49.092 | INFO     | app.main:create_application:20 - Starting Manufacturing OS v1.0.0
2026-01-12 11:01:49.092 | INFO     | app.main:create_application:21 - Environment: development
2026-01-12 11:01:49.092 | INFO     | app.main:create_application:22 - Debug mode: True
2026-01-12 11:01:49.092 | INFO     | app.main:create_application:23 - Allowed origins: ['http://localhost:3000', 'http://localhost:3001', 'http://localhost:5173']
2026-01-12 11:01:49.092 | INFO     | app.main:create_application:27 - Exception handlers configured
2026-01-12 11:01:49.092 | INFO     | app.main:create_application:58 - CORS middleware configured
2026-01-12 11:01:49.328 | INFO     | app.main:create_application:62 - API router registered at /api/v1
2026-01-12 11:01:54.384 | INFO     | app.main:create_application:20 - Starting Manufacturing OS v1.0.0
2026-01-12 11:01:54.384 | INFO     | app.main:create_application:21 - Environment: development
2026-01-12 11:01:54.384 | INFO     | app.main:create_application:22 - Debug mode: True
2026-01-12 11:01:54.384 | INFO     | app.main:create_application:23 - Allowed origins: ['http://localhost:3000', 'http://localhost:3001', 'http://localhost:5173']
2026-01-12 11:01:54.384 | INFO     | app.main:create_application:27 - Exception handlers configured
2026-01-12 11:01:54.384 | INFO     | app.main:create_application:58 - CORS middleware configured
2026-01-12 11:01:54.617 | INFO     | app.main:create_application:62 - API router registered at /api/v1
2026-01-12 11:01:59.412 | INFO     | app.main:create_application:20 - Starting Manufacturing OS v1.0.0
2026-01-12 11:01:59.412 | INFO     | app.main:create_application:21 - Environment: development
2026-01-12 11:01:59.412 | INFO     | app.main:create_application:22 - Debug mode: True
2026-01-12 11:01:59.416 | INFO     | app.main:create_application:23 - Allowed origins: ['http://localhost:3000', 'http://localhost:3001', 'http://localhost:5173']
2026-01-12 11:01:59.416 | INFO     | app.main:create_application:27 - Exception handlers configured
2026-01-12 11:01:59.416 | INFO     | app.main:create_application:58 - CORS middleware configured
2026-01-12 11:01:59.651 | INFO     | app.main:create_application:62 - API router registered at /api/v1
2026-01-12 11:02:10.941 | INFO     | app.main:create_application:20 - Starting Manufacturing OS v1.0.0
2026-01-12 11:02:10.941 | INFO     | app.main:create_application:21 - Environment: development
2026-01-12 11:02:10.942 | INFO     | app.main:create_application:22 - Debug mode: True
2026-01-12 11:02:10.942 | INFO     | app.main:create_application:23 - Allowed origins: ['http://localhost:3000', 'http://localhost:3001', 'http://localhost:5173']
2026-01-12 11:02:10.942 | INFO     | app.main:create_application:27 - Exception handlers configured
2026-01-12 11:02:10.942 | INFO     | app.main:create_application:58 - CORS middleware configured
2026-01-12 11:02:11.191 | INFO     | app.main:create_application:62 - API router registered at /api/v1
2026-01-12 11:02:14.961 | INFO     | app.main:create_application:20 - Starting Manufacturing OS v1.0.0
2026-01-12 11:02:14.961 | INFO     | app.main:create_application:21 - Environment: development
2026-01-12 11:02:14.961 | INFO     | app.main:create_application:22 - Debug mode: True
2026-01-12 11:02:14.961 | INFO     | app.main:create_application:23 - Allowed origins: ['http://localhost:3000', 'http://localhost:3001', 'http://localhost:5173']
2026-01-12 11:02:14.961 | INFO     | app.main:create_application:27 - Exception handlers configured
2026-01-12 11:02:14.961 | INFO     | app.main:create_application:58 - CORS middleware configured
2026-01-12 11:02:15.226 | INFO     | app.main:create_application:62 - API router registered at /api/v1
2026-01-12 11:02:27.292 | INFO     | app.main:create_application:20 - Starting Manufacturing OS v1.0.0
2026-01-12 11:02:27.292 | INFO     | app.main:create_application:21 - Environment: development
2026-01-12 11:02:27.292 | INFO     | app.main:create_application:22 - Debug mode: True
2026-01-12 11:02:27.292 | INFO     | app.main:create_application:23 - Allowed origins: ['http://localhost:3000', 'http://localhost:3001', 'http://localhost:5173']
2026-01-12 11:02:27.292 | INFO     | app.main:create_application:27 - Exception handlers configured
2026-01-12 11:02:27.292 | INFO     | app.main:create_application:58 - CORS middleware configured
2026-01-12 11:02:27.600 | INFO     | app.main:create_application:62 - API router registered at /api/v1
2026-01-12 11:02:31.269 | INFO     | app.main:create_application:20 - Starting Manufacturing OS v1.0.0
2026-01-12 11:02:31.269 | INFO     | app.main:create_application:21 - Environment: development
2026-01-12 11:02:31.269 | INFO     | app.main:create_application:22 - Debug mode: True
2026-01-12 11:02:31.271 | INFO     | app.main:create_application:23 - Allowed origins: ['http://localhost:3000', 'http://localhost:3001', 'http://localhost:5173']
2026-01-12 11:02:31.271 | INFO     | app.main:create_application:27 - Exception handlers configured
2026-01-12 11:02:31.271 | INFO     | app.main:create_application:58 - CORS middleware configured
2026-01-12 11:02:31.492 | INFO     | app.main:create_application:62 - API router registered at /api/v1
2026-01-12 11:02:47.906 | INFO     | app.main:create_application:20 - Starting Manufacturing OS v1.0.0
2026-01-12 11:02:47.910 | INFO     | app.main:create_application:21 - Environment: development
2026-01-12 11:02:47.910 | INFO     | app.main:create_application:22 - Debug mode: True
2026-01-12 11:02:47.910 | INFO     | app.main:create_application:23 - Allowed origins: ['http://localhost:3000', 'http://localhost:3001', 'http://localhost:5173']
2026-01-12 11:02:47.910 | INFO     | app.main:create_application:27 - Exception handlers configured
2026-01-12 11:02:47.910 | INFO     | app.main:create_application:58 - CORS middleware configured
2026-01-12 11:02:48.190 | INFO     | app.main:create_application:62 - API router registered at /api/v1
2026-01-12 11:02:52.206 | INFO     | app.main:create_application:20 - Starting Manufacturing OS v1.0.0
2026-01-12 11:02:52.206 | INFO     | app.main:create_application:21 - Environment: development
2026-01-12 11:02:52.206 | INFO     | app.main:create_application:22 - Debug mode: True
2026-01-12 11:02:52.206 | INFO     | app.main:create_application:23 - Allowed origins: ['http://localhost:3000', 'http://localhost:3001', 'http://localhost:5173']
2026-01-12 11:02:52.206 | INFO     | app.main:create_application:27 - Exception handlers configured
2026-01-12 11:02:52.210 | INFO     | app.main:create_application:58 - CORS middleware configured
2026-01-12 11:02:52.470 | INFO     | app.main:create_application:62 - API router registered at /api/v1
2026-01-12 11:02:56.210 | INFO     | app.main:create_application:20 - Starting Manufacturing OS v1.0.0
2026-01-12 11:02:56.211 | INFO     | app.main:create_application:21 - Environment: development
2026-01-12 11:02:56.211 | INFO     | app.main:create_application:22 - Debug mode: True
2026-01-12 11:02:56.211 | INFO     | app.main:create_application:23 - Allowed origins: ['http://localhost:3000', 'http://localhost:3001', 'http://localhost:5173']
2026-01-12 11:02:56.211 | INFO     | app.main:create_application:27 - Exception handlers configured
2026-01-12 11:02:56.212 | INFO     | app.main:create_application:58 - CORS middleware configured
2026-01-12 11:02:56.501 | INFO     | app.main:create_application:62 - API router registered at /api/v1
2026-01-12 11:02:59.962 | INFO     | app.main:create_application:20 - Starting Manufacturing OS v1.0.0
2026-01-12 11:02:59.962 | INFO     | app.main:create_application:21 - Environment: development
2026-01-12 11:02:59.962 | INFO     | app.main:create_application:22 - Debug mode: True
2026-01-12 11:02:59.962 | INFO     | app.main:create_application:23 - Allowed origins: ['http://localhost:3000', 'http://localhost:3001', 'http://localhost:5173']
2026-01-12 11:02:59.962 | INFO     | app.main:create_application:27 - Exception handlers configured
2026-01-12 11:02:59.962 | INFO     | app.main:create_application:58 - CORS middleware configured
2026-01-12 11:03:00.192 | INFO     | app.main:create_application:62 - API router registered at /api/v1
2026-01-12 11:03:05.177 | INFO     | app.main:create_application:20 - Starting Manufacturing OS v1.0.0
2026-01-12 11:03:05.177 | INFO     | app.main:create_application:21 - Environment: development
2026-01-12 11:03:05.177 | INFO     | app.main:create_application:22 - Debug mode: True
2026-01-12 11:03:05.177 | INFO     | app.main:create_application:23 - Allowed origins: ['http://localhost:3000', 'http://localhost:3001', 'http://localhost:5173']
2026-01-12 11:03:05.177 | INFO     | app.main:create_application:27 - Exception handlers configured
2026-01-12 11:03:05.177 | INFO     | app.main:create_application:58 - CORS middleware configured
2026-01-12 11:03:05.392 | INFO     | app.main:create_application:62 - API router registered at /api/v1
2026-01-12 11:03:12.309 | INFO     | app.main:create_application:20 - Starting Manufacturing OS v1.0.0
2026-01-12 11:03:12.316 | INFO     | app.main:create_application:21 - Environment: development
2026-01-12 11:03:12.316 | INFO     | app.main:create_application:22 - Debug mode: True
2026-01-12 11:03:12.316 | INFO     | app.main:create_application:23 - Allowed origins: ['http://localhost:3000', 'http://localhost:3001', 'http://localhost:5173']
2026-01-12 11:03:12.316 | INFO     | app.main:create_application:27 - Exception handlers configured
2026-01-12 11:03:12.316 | INFO     | app.main:create_application:58 - CORS middleware configured
2026-01-12 11:03:12.560 | INFO     | app.main:create_application:62 - API router registered at /api/v1
2026-01-12 11:03:21.916 | INFO     | app.main:create_application:20 - Starting Manufacturing OS v1.0.0
2026-01-12 11:03:21.916 | INFO     | app.main:create_application:21 - Environment: development
2026-01-12 11:03:21.916 | INFO     | app.main:create_application:22 - Debug mode: True
2026-01-12 11:03:21.918 | INFO     | app.main:create_application:23 - Allowed origins: ['http://localhost:3000', 'http://localhost:3001', 'http://localhost:5173']
2026-01-12 11:03:21.918 | INFO     | app.main:create_application:27 - Exception handlers configured
2026-01-12 11:03:21.919 | INFO     | app.main:create_application:58 - CORS middleware configured
2026-01-12 11:03:22.144 | INFO     | app.main:create_application:62 - API router registered at /api/v1
2026-01-12 11:03:26.534 | INFO     | app.main:create_application:20 - Starting Manufacturing OS v1.0.0
2026-01-12 11:03:26.534 | INFO     | app.main:create_application:21 - Environment: development
2026-01-12 11:03:26.536 | INFO     | app.main:create_application:22 - Debug mode: True
2026-01-12 11:03:26.536 | INFO     | app.main:create_application:23 - Allowed origins: ['http://localhost:3000', 'http://localhost:3001', 'http://localhost:5173']
2026-01-12 11:03:26.536 | INFO     | app.main:create_application:27 - Exception handlers configured
2026-01-12 11:03:26.536 | INFO     | app.main:create_application:58 - CORS middleware configured
2026-01-12 11:03:26.769 | INFO     | app.main:create_application:62 - API router registered at /api/v1
2026-01-12 11:03:45.300 | INFO     | app.main:log_requests:35 - Incoming request: POST /api/v1/auth/login
2026-01-12 11:03:46.634 | INFO     | app.main:log_requests:41 - Completed: POST /api/v1/auth/login Status: 401 Duration: 1.334s
2026-01-12 11:03:48.164 | INFO     | app.main:log_requests:35 - Incoming request: POST /api/v1/auth/login
2026-01-12 11:03:48.685 | INFO     | app.main:log_requests:41 - Completed: POST /api/v1/auth/login Status: 401 Duration: 0.521s
2026-01-12 11:10:02.097 | INFO     | app.main:log_requests:35 - Incoming request: POST /api/v1/auth/login
2026-01-12 11:10:02.944 | INFO     | app.main:log_requests:41 - Completed: POST /api/v1/auth/login Status: 200 Duration: 0.852s
2026-01-12 11:11:08.303 | INFO     | app.main:log_requests:35 - Incoming request: POST /api/v1/auth/login
2026-01-12 11:11:09.810 | INFO     | app.main:log_requests:41 - Completed: POST /api/v1/auth/login Status: 200 Duration: 1.506s
2026-01-12 11:11:09.819 | INFO     | app.main:log_requests:35 - Incoming request: GET /api/v1/auth/me
2026-01-12 11:11:10.238 | INFO     | app.main:log_requests:41 - Completed: GET /api/v1/auth/me Status: 200 Duration: 0.419s
2026-01-12 11:11:10.296 | INFO     | app.main:log_requests:35 - Incoming request: GET /api/v1/dashboard
2026-01-12 11:11:10.301 | INFO     | app.main:log_requests:41 - Completed: GET /api/v1/dashboard Status: 307 Duration: 0.004s
2026-01-12 11:11:10.309 | INFO     | app.main:log_requests:35 - Incoming request: GET /api/v1/dashboard/
2026-01-12 11:11:20.802 | INFO     | app.main:log_requests:41 - Completed: GET /api/v1/dashboard/ Status: 200 Duration: 10.493s
2026-01-12 11:11:22.213 | INFO     | app.main:log_requests:35 - Incoming request: GET /api/v1/products
2026-01-12 11:11:22.215 | INFO     | app.main:log_requests:41 - Completed: GET /api/v1/products Status: 307 Duration: 0.002s
2026-01-12 11:11:22.222 | INFO     | app.main:log_requests:35 - Incoming request: GET /api/v1/products
2026-01-12 11:11:22.224 | INFO     | app.main:log_requests:41 - Completed: GET /api/v1/products Status: 307 Duration: 0.003s
2026-01-12 11:11:22.228 | INFO     | app.main:log_requests:35 - Incoming request: GET /api/v1/inventory-items/
2026-01-12 11:11:22.819 | INFO     | app.main:log_requests:41 - Completed: GET /api/v1/inventory-items/ Status: 200 Duration: 0.592s
2026-01-12 11:11:22.825 | INFO     | app.main:log_requests:35 - Incoming request: GET /api/v1/products/
2026-01-12 11:11:23.180 | INFO     | app.main:log_requests:35 - Incoming request: GET /api/v1/products/
2026-01-12 11:11:23.181 | INFO     | app.main:log_requests:41 - Completed: GET /api/v1/products/ Status: 200 Duration: 0.357s
2026-01-12 11:11:23.503 | INFO     | app.main:log_requests:41 - Completed: GET /api/v1/products/ Status: 200 Duration: 0.323s
2026-01-12 11:11:23.535 | INFO     | app.main:log_requests:35 - Incoming request: GET /api/v1/boms/product/c0797b9a-24d9-4d00-9126-645e2fabd5f4/active
2026-01-12 11:11:24.838 | INFO     | app.main:log_requests:35 - Incoming request: GET /api/v1/products
2026-01-12 11:11:24.840 | INFO     | app.main:log_requests:41 - Completed: GET /api/v1/products Status: 307 Duration: 0.002s
2026-01-12 11:11:24.843 | INFO     | app.main:log_requests:35 - Incoming request: GET /api/v1/orders
2026-01-12 11:11:24.848 | INFO     | app.main:log_requests:41 - Completed: GET /api/v1/orders Status: 307 Duration: 0.004s
2026-01-12 11:11:24.850 | INFO     | app.main:log_requests:35 - Incoming request: GET /api/v1/products/
2026-01-12 11:11:25.269 | INFO     | app.main:log_requests:41 - Completed: GET /api/v1/products/ Status: 200 Duration: 0.419s
2026-01-12 11:11:25.280 | INFO     | app.main:log_requests:35 - Incoming request: GET /api/v1/orders/
2026-01-12 11:11:25.790 | INFO     | app.main:log_requests:41 - Completed: GET /api/v1/orders/ Status: 200 Duration: 0.510s
2026-01-12 11:11:25.790 | INFO     | app.main:log_requests:35 - Incoming request: GET /api/v1/orders
2026-01-12 11:11:25.792 | INFO     | app.main:log_requests:41 - Completed: GET /api/v1/orders Status: 307 Duration: 0.003s
2026-01-12 11:11:25.807 | INFO     | app.main:log_requests:35 - Incoming request: GET /api/v1/orders/
2026-01-12 11:11:26.402 | INFO     | app.main:log_requests:41 - Completed: GET /api/v1/orders/ Status: 200 Duration: 0.595s
2026-01-12 11:11:27.415 | INFO     | app.main:log_requests:35 - Incoming request: GET /api/v1/orders
2026-01-12 11:11:27.417 | INFO     | app.main:log_requests:41 - Completed: GET /api/v1/orders Status: 307 Duration: 0.002s
2026-01-12 11:11:27.432 | INFO     | app.main:log_requests:35 - Incoming request: GET /api/v1/wip/working-orders
2026-01-12 11:11:27.936 | INFO     | app.api.v1.endpoints.wip:list_working_orders:77 - Working orders listed: page 1, limit 100, user 00000000-0000-0000-0000-000000000001
2026-01-12 11:11:27.936 | INFO     | app.main:log_requests:35 - Incoming request: GET /api/v1/orders/
2026-01-12 11:11:27.936 | INFO     | app.main:log_requests:41 - Completed: GET /api/v1/wip/working-orders Status: 200 Duration: 0.505s
2026-01-12 11:11:28.348 | INFO     | app.main:log_requests:41 - Completed: GET /api/v1/orders/ Status: 200 Duration: 0.412s
2026-01-12 11:11:28.350 | INFO     | app.main:log_requests:35 - Incoming request: GET /api/v1/orders
2026-01-12 11:11:28.352 | INFO     | app.main:log_requests:41 - Completed: GET /api/v1/orders Status: 307 Duration: 0.002s
2026-01-12 11:11:28.356 | INFO     | app.main:log_requests:35 - Incoming request: GET /api/v1/orders/
2026-01-12 11:11:28.962 | INFO     | app.main:log_requests:41 - Completed: GET /api/v1/orders/ Status: 200 Duration: 0.606s
2026-01-12 11:11:53.519 | INFO     | app.main:log_requests:35 - Incoming request: GET /api/v1/wip-board/board
2026-01-12 11:11:54.219 | INFO     | app.main:log_requests:35 - Incoming request: GET /api/v1/wip-board/alerts
2026-01-12 11:11:56.400 | INFO     | app.main:log_requests:35 - Incoming request: GET /api/v1/wip-board/board
2026-01-12 11:11:57.020 | INFO     | app.main:log_requests:35 - Incoming request: GET /api/v1/wip-board/alerts
2026-01-12 11:11:57.850 | INFO     | app.main:log_requests:35 - Incoming request: GET /api/v1/wip-board/board
2026-01-12 11:11:58.155 | INFO     | app.main:log_requests:35 - Incoming request: GET /api/v1/wip-board/alerts
2026-01-12 11:11:59.074 | INFO     | app.main:log_requests:35 - Incoming request: GET /api/v1/wip-board/board
2026-01-12 11:11:59.580 | INFO     | app.main:log_requests:35 - Incoming request: GET /api/v1/wip-board/alerts
2026-01-12 11:12:00.834 | INFO     | app.main:log_requests:35 - Incoming request: GET /api/v1/wip-board/board
2026-01-12 11:12:01.422 | INFO     | app.main:log_requests:35 - Incoming request: GET /api/v1/wip-board/alerts
2026-01-12 11:12:03.971 | INFO     | app.main:log_requests:35 - Incoming request: GET /api/v1/products
2026-01-12 11:12:03.971 | INFO     | app.main:log_requests:41 - Completed: GET /api/v1/products Status: 307 Duration: 0.000s
2026-01-12 11:12:03.987 | INFO     | app.main:log_requests:35 - Incoming request: GET /api/v1/products
2026-01-12 11:12:03.988 | INFO     | app.main:log_requests:41 - Completed: GET /api/v1/products Status: 307 Duration: 0.001s
2026-01-12 11:12:03.997 | INFO     | app.main:log_requests:35 - Incoming request: GET /api/v1/inventory-items/
2026-01-12 11:12:04.498 | INFO     | app.main:log_requests:41 - Completed: GET /api/v1/inventory-items/ Status: 200 Duration: 0.501s
2026-01-12 11:12:04.500 | INFO     | app.main:log_requests:35 - Incoming request: GET /api/v1/products/
2026-01-12 11:12:04.500 | INFO     | app.main:log_requests:35 - Incoming request: GET /api/v1/products/
2026-01-12 11:12:05.350 | INFO     | app.main:log_requests:41 - Completed: GET /api/v1/products/ Status: 200 Duration: 0.850s
2026-01-12 11:12:05.351 | INFO     | app.main:log_requests:41 - Completed: GET /api/v1/products/ Status: 200 Duration: 0.851s
2026-01-12 11:12:05.353 | INFO     | app.main:log_requests:35 - Incoming request: GET /api/v1/orders
2026-01-12 11:12:05.354 | INFO     | app.main:log_requests:35 - Incoming request: GET /api/v1/products
2026-01-12 11:12:05.355 | INFO     | app.main:log_requests:41 - Completed: GET /api/v1/orders Status: 307 Duration: 0.002s
2026-01-12 11:12:05.357 | INFO     | app.main:log_requests:41 - Completed: GET /api/v1/products Status: 307 Duration: 0.003s
2026-01-12 11:12:05.359 | INFO     | app.main:log_requests:35 - Incoming request: GET /api/v1/orders/
2026-01-12 11:12:05.733 | INFO     | app.main:log_requests:35 - Incoming request: GET /api/v1/products/
2026-01-12 11:12:05.733 | INFO     | app.main:log_requests:41 - Completed: GET /api/v1/orders/ Status: 200 Duration: 0.373s
2026-01-12 11:12:06.135 | INFO     | app.main:log_requests:41 - Completed: GET /api/v1/products/ Status: 200 Duration: 0.402s
2026-01-12 11:12:06.135 | INFO     | app.main:log_requests:35 - Incoming request: GET /api/v1/orders
2026-01-12 11:12:06.135 | INFO     | app.main:log_requests:41 - Completed: GET /api/v1/orders Status: 307 Duration: 0.000s
2026-01-12 11:12:06.146 | INFO     | app.main:log_requests:35 - Incoming request: GET /api/v1/orders/
2026-01-12 11:12:06.670 | INFO     | app.main:log_requests:41 - Completed: GET /api/v1/orders/ Status: 200 Duration: 0.524s
2026-01-12 11:14:25.287 | INFO     | app.main:log_requests:35 - Incoming request: GET /api/v1/orders
2026-01-12 11:14:25.291 | INFO     | app.main:log_requests:35 - Incoming request: GET /api/v1/wip/working-orders
2026-01-12 11:14:26.106 | INFO     | app.api.v1.endpoints.wip:list_working_orders:77 - Working orders listed: page 1, limit 100, user 00000000-0000-0000-0000-000000000001
2026-01-12 11:14:26.109 | INFO     | app.main:log_requests:41 - Completed: GET /api/v1/orders Status: 307 Duration: 0.822s
2026-01-12 11:14:26.109 | INFO     | app.main:log_requests:41 - Completed: GET /api/v1/wip/working-orders Status: 200 Duration: 0.818s
2026-01-12 11:14:26.112 | INFO     | app.main:log_requests:35 - Incoming request: GET /api/v1/orders/
2026-01-12 11:14:26.400 | INFO     | app.main:log_requests:41 - Completed: GET /api/v1/orders/ Status: 200 Duration: 0.288s
2026-01-12 11:14:26.406 | INFO     | app.main:log_requests:35 - Incoming request: GET /api/v1/orders
2026-01-12 11:14:26.406 | INFO     | app.main:log_requests:41 - Completed: GET /api/v1/orders Status: 307 Duration: 0.000s
2026-01-12 11:14:26.412 | INFO     | app.main:log_requests:35 - Incoming request: GET /api/v1/orders/
2026-01-12 11:14:26.866 | INFO     | app.main:log_requests:41 - Completed: GET /api/v1/orders/ Status: 200 Duration: 0.454s
2026-01-12 11:14:26.866 | INFO     | app.main:log_requests:35 - Incoming request: GET /api/v1/orders
2026-01-12 11:14:26.866 | INFO     | app.main:log_requests:35 - Incoming request: GET /api/v1/products
2026-01-12 11:14:26.869 | INFO     | app.main:log_requests:41 - Completed: GET /api/v1/orders Status: 307 Duration: 0.004s
2026-01-12 11:14:26.869 | INFO     | app.main:log_requests:41 - Completed: GET /api/v1/products Status: 307 Duration: 0.004s
2026-01-12 11:14:26.872 | INFO     | app.main:log_requests:35 - Incoming request: GET /api/v1/orders/
2026-01-12 11:14:27.242 | INFO     | app.main:log_requests:41 - Completed: GET /api/v1/orders/ Status: 200 Duration: 0.369s
2026-01-12 11:14:27.242 | INFO     | app.main:log_requests:35 - Incoming request: GET /api/v1/orders
2026-01-12 11:14:27.242 | INFO     | app.main:log_requests:35 - Incoming request: GET /api/v1/products/
2026-01-12 11:14:27.661 | INFO     | app.main:log_requests:41 - Completed: GET /api/v1/orders Status: 307 Duration: 0.419s
2026-01-12 11:14:27.664 | INFO     | app.main:log_requests:41 - Completed: GET /api/v1/products/ Status: 200 Duration: 0.422s
2026-01-12 11:14:27.680 | INFO     | app.main:log_requests:35 - Incoming request: GET /api/v1/orders/
2026-01-12 11:14:28.015 | INFO     | app.main:log_requests:41 - Completed: GET /api/v1/orders/ Status: 200 Duration: 0.335s
2026-01-12 11:16:08.627 | INFO     | app.main:log_requests:35 - Incoming request: GET /api/v1/wip/working-orders
2026-01-12 11:16:09.335 | INFO     | app.api.v1.endpoints.wip:list_working_orders:77 - Working orders listed: page 1, limit 100, user 00000000-0000-0000-0000-000000000001
2026-01-12 11:16:09.335 | INFO     | app.main:log_requests:35 - Incoming request: GET /api/v1/orders
2026-01-12 11:16:09.335 | INFO     | app.main:log_requests:41 - Completed: GET /api/v1/wip/working-orders Status: 200 Duration: 0.707s
2026-01-12 11:16:09.341 | INFO     | app.main:log_requests:41 - Completed: GET /api/v1/orders Status: 307 Duration: 0.006s
2026-01-12 11:16:09.343 | INFO     | app.main:log_requests:35 - Incoming request: GET /api/v1/orders
2026-01-12 11:16:09.344 | INFO     | app.main:log_requests:41 - Completed: GET /api/v1/orders Status: 307 Duration: 0.001s
2026-01-12 11:16:09.345 | INFO     | app.main:log_requests:35 - Incoming request: GET /api/v1/orders/
2026-01-12 11:16:09.711 | INFO     | app.main:log_requests:41 - Completed: GET /api/v1/orders/ Status: 200 Duration: 0.366s
2026-01-12 11:16:09.713 | INFO     | app.main:log_requests:35 - Incoming request: GET /api/v1/orders/
2026-01-12 11:16:10.052 | INFO     | app.main:log_requests:41 - Completed: GET /api/v1/orders/ Status: 200 Duration: 0.340s
2026-01-12 11:16:13.535 | INFO     | app.main:log_requests:35 - Incoming request: PUT /api/v1/wip/working-orders/WO-0001
2026-01-12 11:16:13.870 | INFO     | app.main:log_requests:41 - Completed: PUT /api/v1/wip/working-orders/WO-0001 Status: 403 Duration: 0.335s
2026-01-12 11:16:48.454 | INFO     | app.main:log_requests:35 - Incoming request: GET /api/v1/wip-board/board
2026-01-12 11:16:48.916 | INFO     | app.main:log_requests:35 - Incoming request: GET /api/v1/wip-board/alerts
2026-01-12 11:17:14.245 | INFO     | app.main:log_requests:35 - Incoming request: GET /api/v1/inventory-items
2026-01-12 11:17:14.245 | INFO     | app.main:log_requests:35 - Incoming request: GET /api/v1/material-transfers
2026-01-12 11:17:14.245 | INFO     | app.main:log_requests:41 - Completed: GET /api/v1/inventory-items Status: 307 Duration: 0.000s
2026-01-12 11:17:14.245 | INFO     | app.main:log_requests:35 - Incoming request: GET /api/v1/wip-stages
2026-01-12 11:17:14.250 | INFO     | app.main:log_requests:35 - Incoming request: GET /api/v1/working-orders
2026-01-12 11:17:14.250 | INFO     | app.main:log_requests:41 - Completed: GET /api/v1/material-transfers Status: 307 Duration: 0.005s
2026-01-12 11:17:14.251 | INFO     | app.main:log_requests:41 - Completed: GET /api/v1/wip-stages Status: 404 Duration: 0.006s
2026-01-12 11:17:14.251 | INFO     | app.main:log_requests:41 - Completed: GET /api/v1/working-orders Status: 404 Duration: 0.001s
2026-01-12 11:17:14.256 | INFO     | app.main:log_requests:35 - Incoming request: GET /api/v1/inventory-items/
2026-01-12 11:17:14.657 | INFO     | app.main:log_requests:41 - Completed: GET /api/v1/inventory-items/ Status: 200 Duration: 0.401s
2026-01-12 11:17:14.657 | INFO     | app.main:log_requests:35 - Incoming request: GET /api/v1/material-transfers/
2026-01-12 11:17:15.285 | INFO     | app.main:log_requests:41 - Completed: GET /api/v1/material-transfers/ Status: 200 Duration: 0.628s
2026-01-12 11:17:21.456 | INFO     | app.main:log_requests:35 - Incoming request: GET /api/v1/inventory-items/
2026-01-12 11:17:21.835 | INFO     | app.main:log_requests:41 - Completed: GET /api/v1/inventory-items/ Status: 200 Duration: 0.379s
2026-01-12 11:17:31.886 | INFO     | app.main:log_requests:35 - Incoming request: GET /api/v1/orders
2026-01-12 11:17:31.887 | INFO     | app.main:log_requests:41 - Completed: GET /api/v1/orders Status: 307 Duration: 0.001s
2026-01-12 11:17:31.888 | INFO     | app.main:log_requests:35 - Incoming request: GET /api/v1/products
2026-01-12 11:17:31.890 | INFO     | app.main:log_requests:41 - Completed: GET /api/v1/products Status: 307 Duration: 0.002s
2026-01-12 11:17:31.892 | INFO     | app.main:log_requests:35 - Incoming request: GET /api/v1/orders/
2026-01-12 11:17:32.387 | INFO     | app.main:log_requests:41 - Completed: GET /api/v1/orders/ Status: 200 Duration: 0.495s
2026-01-12 11:17:32.387 | INFO     | app.main:log_requests:35 - Incoming request: GET /api/v1/products/
2026-01-12 11:17:32.898 | INFO     | app.main:log_requests:41 - Completed: GET /api/v1/products/ Status: 200 Duration: 0.512s
2026-01-12 11:17:32.899 | INFO     | app.main:log_requests:35 - Incoming request: GET /api/v1/orders
2026-01-12 11:17:32.901 | INFO     | app.main:log_requests:41 - Completed: GET /api/v1/orders Status: 307 Duration: 0.002s
2026-01-12 11:17:32.910 | INFO     | app.main:log_requests:35 - Incoming request: GET /api/v1/orders/
2026-01-12 11:17:33.309 | INFO     | app.main:log_requests:41 - Completed: GET /api/v1/orders/ Status: 200 Duration: 0.399s
2026-01-12 11:30:40.999 | INFO     | app.main:log_requests:35 - Incoming request: GET /api/v1/orders
2026-01-12 11:30:41.000 | INFO     | app.main:log_requests:41 - Completed: GET /api/v1/orders Status: 307 Duration: 0.005s
2026-01-12 11:30:41.000 | INFO     | app.main:log_requests:35 - Incoming request: GET /api/v1/products
2026-01-12 11:30:41.006 | INFO     | app.main:log_requests:41 - Completed: GET /api/v1/products Status: 307 Duration: 0.006s
2026-01-12 11:30:41.011 | INFO     | app.main:log_requests:35 - Incoming request: GET /api/v1/orders/
2026-01-12 11:30:42.216 | INFO     | app.main:log_requests:41 - Completed: GET /api/v1/orders/ Status: 200 Duration: 1.206s
2026-01-12 11:30:42.218 | INFO     | app.main:log_requests:35 - Incoming request: GET /api/v1/products/
2026-01-12 11:30:42.624 | INFO     | app.main:log_requests:41 - Completed: GET /api/v1/products/ Status: 200 Duration: 0.406s
2026-01-12 11:30:42.627 | INFO     | app.main:log_requests:35 - Incoming request: GET /api/v1/orders
2026-01-12 11:30:42.627 | INFO     | app.main:log_requests:41 - Completed: GET /api/v1/orders Status: 307 Duration: 0.000s
2026-01-12 11:30:42.643 | INFO     | app.main:log_requests:35 - Incoming request: GET /api/v1/orders/
2026-01-12 11:30:42.986 | INFO     | app.main:log_requests:41 - Completed: GET /api/v1/orders/ Status: 200 Duration: 0.343s
2026-01-12 11:33:16.285 | INFO     | app.main:create_application:20 - Starting Manufacturing OS v1.0.0
2026-01-12 11:33:16.285 | INFO     | app.main:create_application:21 - Environment: development
2026-01-12 11:33:16.285 | INFO     | app.main:create_application:22 - Debug mode: True
2026-01-12 11:33:16.285 | INFO     | app.main:create_application:23 - Allowed origins: ['http://localhost:3000', 'http://localhost:3001', 'http://localhost:5173']
2026-01-12 11:33:16.285 | INFO     | app.main:create_application:27 - Exception handlers configured
2026-01-12 11:33:16.285 | INFO     | app.main:create_application:58 - CORS middleware configured
2026-01-12 11:33:16.523 | INFO     | app.main:create_application:62 - API router registered at /api/v1
2026-01-12 11:43:36.292 | INFO     | app.main:log_requests:35 - Incoming request: GET /api/v1/orders
2026-01-12 11:43:36.292 | INFO     | app.main:log_requests:35 - Incoming request: GET /api/v1/products
2026-01-12 11:43:36.292 | INFO     | app.main:log_requests:41 - Completed: GET /api/v1/orders Status: 307 Duration: 0.000s
2026-01-12 11:43:36.298 | INFO     | app.main:log_requests:41 - Completed: GET /api/v1/products Status: 307 Duration: 0.006s
2026-01-12 11:43:36.306 | INFO     | app.main:log_requests:35 - Incoming request: GET /api/v1/orders/
2026-01-12 11:43:36.322 | INFO     | app.main:log_requests:41 - Completed: GET /api/v1/orders/ Status: 401 Duration: 0.020s
2026-01-12 11:43:36.326 | INFO     | app.main:log_requests:35 - Incoming request: GET /api/v1/products/
2026-01-12 11:43:36.327 | INFO     | app.main:log_requests:41 - Completed: GET /api/v1/products/ Status: 401 Duration: 0.001s
2026-01-12 11:43:36.334 | INFO     | app.main:log_requests:35 - Incoming request: POST /api/v1/auth/refresh
2026-01-12 11:43:38.219 | INFO     | app.main:log_requests:41 - Completed: POST /api/v1/auth/refresh Status: 200 Duration: 1.885s
2026-01-12 11:43:38.221 | INFO     | app.main:log_requests:35 - Incoming request: GET /api/v1/orders
2026-01-12 11:43:38.222 | INFO     | app.main:log_requests:41 - Completed: GET /api/v1/orders Status: 307 Duration: 0.002s
2026-01-12 11:43:38.224 | INFO     | app.main:log_requests:35 - Incoming request: GET /api/v1/products
2026-01-12 11:43:38.225 | INFO     | app.main:log_requests:41 - Completed: GET /api/v1/products Status: 307 Duration: 0.001s
2026-01-12 11:43:38.226 | INFO     | app.main:log_requests:35 - Incoming request: GET /api/v1/orders
2026-01-12 11:43:38.228 | INFO     | app.main:log_requests:41 - Completed: GET /api/v1/orders Status: 307 Duration: 0.002s
2026-01-12 11:43:38.230 | INFO     | app.main:log_requests:35 - Incoming request: GET /api/v1/orders/
2026-01-12 11:43:38.233 | INFO     | app.main:log_requests:41 - Completed: GET /api/v1/orders/ Status: 401 Duration: 0.003s
2026-01-12 11:43:38.234 | INFO     | app.main:log_requests:35 - Incoming request: GET /api/v1/products/
2026-01-12 11:43:38.733 | INFO     | app.main:log_requests:41 - Completed: GET /api/v1/products/ Status: 200 Duration: 0.498s
2026-01-12 11:43:38.733 | INFO     | app.main:log_requests:35 - Incoming request: GET /api/v1/orders/
2026-01-12 11:43:40.877 | INFO     | app.main:log_requests:41 - Completed: GET /api/v1/orders/ Status: 200 Duration: 2.144s
2026-01-12 11:43:40.877 | INFO     | app.main:log_requests:35 - Incoming request: POST /api/v1/auth/refresh
2026-01-12 11:43:41.493 | INFO     | app.main:log_requests:41 - Completed: POST /api/v1/auth/refresh Status: 200 Duration: 0.615s
2026-01-12 11:43:41.499 | INFO     | app.main:log_requests:35 - Incoming request: GET /api/v1/orders
2026-01-12 11:43:41.499 | INFO     | app.main:log_requests:41 - Completed: GET /api/v1/orders Status: 307 Duration: 0.001s
2026-01-12 11:43:41.503 | INFO     | app.main:log_requests:35 - Incoming request: GET /api/v1/orders/
2026-01-12 11:43:43.099 | INFO     | app.main:log_requests:41 - Completed: GET /api/v1/orders/ Status: 200 Duration: 1.596s
2026-01-12 11:43:43.100 | INFO     | app.main:log_requests:35 - Incoming request: GET /api/v1/orders
2026-01-12 11:43:43.102 | INFO     | app.main:log_requests:41 - Completed: GET /api/v1/orders Status: 307 Duration: 0.002s
2026-01-12 11:43:43.102 | INFO     | app.main:log_requests:35 - Incoming request: GET /api/v1/wip/working-orders
2026-01-12 11:43:43.436 | INFO     | app.api.v1.endpoints.wip:list_working_orders:77 - Working orders listed: page 1, limit 100, user 00000000-0000-0000-0000-000000000001
2026-01-12 11:43:43.436 | INFO     | app.main:log_requests:41 - Completed: GET /api/v1/wip/working-orders Status: 200 Duration: 0.334s
2026-01-12 11:43:43.441 | INFO     | app.main:log_requests:35 - Incoming request: GET /api/v1/orders/
2026-01-12 11:43:45.213 | INFO     | app.main:log_requests:41 - Completed: GET /api/v1/orders/ Status: 200 Duration: 1.771s
2026-01-12 11:43:45.216 | INFO     | app.main:log_requests:35 - Incoming request: GET /api/v1/orders
2026-01-12 11:43:45.217 | INFO     | app.main:log_requests:41 - Completed: GET /api/v1/orders Status: 307 Duration: 0.001s
2026-01-12 11:43:45.222 | INFO     | app.main:log_requests:35 - Incoming request: GET /api/v1/orders/
2026-01-12 11:43:46.752 | INFO     | app.main:log_requests:41 - Completed: GET /api/v1/orders/ Status: 200 Duration: 1.530s
2026-01-12 11:43:49.877 | INFO     | app.main:log_requests:35 - Incoming request: GET /api/v1/orders
2026-01-12 11:43:49.877 | INFO     | app.main:log_requests:35 - Incoming request: GET /api/v1/products
2026-01-12 11:43:49.877 | INFO     | app.main:log_requests:41 - Completed: GET /api/v1/orders Status: 307 Duration: 0.000s
2026-01-12 11:43:49.877 | INFO     | app.main:log_requests:41 - Completed: GET /api/v1/products Status: 307 Duration: 0.000s
2026-01-12 11:43:49.882 | INFO     | app.main:log_requests:35 - Incoming request: GET /api/v1/orders/
2026-01-12 11:43:51.137 | INFO     | app.main:log_requests:41 - Completed: GET /api/v1/orders/ Status: 200 Duration: 1.255s
2026-01-12 11:43:51.137 | INFO     | app.main:log_requests:35 - Incoming request: GET /api/v1/products/
2026-01-12 11:43:51.426 | INFO     | app.main:log_requests:41 - Completed: GET /api/v1/products/ Status: 200 Duration: 0.289s
2026-01-12 11:43:51.427 | INFO     | app.main:log_requests:35 - Incoming request: GET /api/v1/orders
2026-01-12 11:43:51.428 | INFO     | app.main:log_requests:41 - Completed: GET /api/v1/orders Status: 307 Duration: 0.000s
2026-01-12 11:43:51.437 | INFO     | app.main:log_requests:35 - Incoming request: GET /api/v1/orders/
2026-01-12 11:43:52.634 | INFO     | app.main:log_requests:41 - Completed: GET /api/v1/orders/ Status: 200 Duration: 1.197s
2026-01-12 11:43:54.115 | INFO     | app.main:log_requests:35 - Incoming request: GET /api/v1/orders
2026-01-12 11:43:54.116 | INFO     | app.main:log_requests:41 - Completed: GET /api/v1/orders Status: 307 Duration: 0.001s
2026-01-12 11:43:54.119 | INFO     | app.main:log_requests:35 - Incoming request: GET /api/v1/products
2026-01-12 11:43:54.119 | INFO     | app.main:log_requests:41 - Completed: GET /api/v1/products Status: 307 Duration: 0.000s
2026-01-12 11:43:54.124 | INFO     | app.main:log_requests:35 - Incoming request: GET /api/v1/orders/
2026-01-12 11:43:55.382 | INFO     | app.main:log_requests:41 - Completed: GET /api/v1/orders/ Status: 200 Duration: 1.259s
2026-01-12 11:43:55.383 | INFO     | app.main:log_requests:35 - Incoming request: GET /api/v1/orders
2026-01-12 11:43:55.383 | INFO     | app.main:log_requests:35 - Incoming request: GET /api/v1/products/
2026-01-12 11:43:55.689 | INFO     | app.main:log_requests:41 - Completed: GET /api/v1/orders Status: 307 Duration: 0.306s
2026-01-12 11:43:55.689 | INFO     | app.main:log_requests:41 - Completed: GET /api/v1/products/ Status: 200 Duration: 0.306s
2026-01-12 11:43:55.693 | INFO     | app.main:log_requests:35 - Incoming request: GET /api/v1/orders/
2026-01-12 11:43:56.997 | INFO     | app.main:log_requests:41 - Completed: GET /api/v1/orders/ Status: 200 Duration: 1.304s
2026-01-12 11:43:58.871 | INFO     | app.main:log_requests:35 - Incoming request: GET /api/v1/orders
2026-01-12 11:43:58.872 | INFO     | app.main:log_requests:35 - Incoming request: GET /api/v1/products
2026-01-12 11:43:58.872 | INFO     | app.main:log_requests:41 - Completed: GET /api/v1/orders Status: 307 Duration: 0.001s
2026-01-12 11:43:58.873 | INFO     | app.main:log_requests:41 - Completed: GET /api/v1/products Status: 307 Duration: 0.001s
2026-01-12 11:43:58.876 | INFO     | app.main:log_requests:35 - Incoming request: GET /api/v1/orders/
2026-01-12 11:44:00.092 | INFO     | app.main:log_requests:41 - Completed: GET /api/v1/orders/ Status: 200 Duration: 1.216s
2026-01-12 11:44:00.092 | INFO     | app.main:log_requests:35 - Incoming request: GET /api/v1/products/
2026-01-12 11:44:00.377 | INFO     | app.main:log_requests:41 - Completed: GET /api/v1/products/ Status: 200 Duration: 0.285s
2026-01-12 11:44:00.377 | INFO     | app.main:log_requests:35 - Incoming request: GET /api/v1/orders
2026-01-12 11:44:00.377 | INFO     | app.main:log_requests:41 - Completed: GET /api/v1/orders Status: 307 Duration: 0.000s
2026-01-12 11:44:00.390 | INFO     | app.main:log_requests:35 - Incoming request: GET /api/v1/orders/
2026-01-12 11:44:01.871 | INFO     | app.main:log_requests:41 - Completed: GET /api/v1/orders/ Status: 200 Duration: 1.482s
2026-01-12 11:45:20.698 | INFO     | app.main:log_requests:35 - Incoming request: GET /api/v1/orders
2026-01-12 11:45:20.700 | INFO     | app.main:log_requests:35 - Incoming request: GET /api/v1/products
2026-01-12 11:45:20.700 | INFO     | app.main:log_requests:41 - Completed: GET /api/v1/orders Status: 307 Duration: 0.002s
2026-01-12 11:45:20.701 | INFO     | app.main:log_requests:41 - Completed: GET /api/v1/products Status: 307 Duration: 0.001s
2026-01-12 11:45:20.704 | INFO     | app.main:log_requests:35 - Incoming request: GET /api/v1/orders/
2026-01-12 11:45:23.006 | INFO     | app.main:log_requests:41 - Completed: GET /api/v1/orders/ Status: 200 Duration: 2.302s
2026-01-12 11:45:23.006 | INFO     | app.main:log_requests:35 - Incoming request: GET /api/v1/products/
2026-01-12 11:45:23.520 | INFO     | app.main:log_requests:41 - Completed: GET /api/v1/products/ Status: 200 Duration: 0.514s
2026-01-12 11:45:23.521 | INFO     | app.main:log_requests:35 - Incoming request: GET /api/v1/orders
2026-01-12 11:45:23.523 | INFO     | app.main:log_requests:41 - Completed: GET /api/v1/orders Status: 307 Duration: 0.002s
2026-01-12 11:45:23.525 | INFO     | app.main:log_requests:35 - Incoming request: GET /api/v1/wip-board/alerts
2026-01-12 11:45:23.875 | INFO     | app.main:log_requests:35 - Incoming request: GET /api/v1/wip-board/board
2026-01-12 11:45:24.542 | INFO     | app.main:log_requests:35 - Incoming request: GET /api/v1/orders/
2026-01-12 11:45:26.574 | INFO     | app.main:log_requests:41 - Completed: GET /api/v1/orders/ Status: 200 Duration: 2.032s
2026-01-12 11:45:26.574 | INFO     | app.main:log_requests:35 - Incoming request: GET /api/v1/orders
2026-01-12 11:45:26.576 | INFO     | app.main:log_requests:35 - Incoming request: GET /api/v1/products
2026-01-12 11:45:26.578 | INFO     | app.main:log_requests:41 - Completed: GET /api/v1/orders Status: 307 Duration: 0.004s
2026-01-12 11:45:26.579 | INFO     | app.main:log_requests:41 - Completed: GET /api/v1/products Status: 307 Duration: 0.004s
2026-01-12 11:45:26.582 | INFO     | app.main:log_requests:35 - Incoming request: GET /api/v1/orders/
2026-01-12 11:45:28.836 | INFO     | app.main:log_requests:41 - Completed: GET /api/v1/orders/ Status: 200 Duration: 2.254s
2026-01-12 11:45:28.837 | INFO     | app.main:log_requests:35 - Incoming request: GET /api/v1/products/
2026-01-12 11:45:28.837 | INFO     | app.main:log_requests:35 - Incoming request: GET /api/v1/orders
2026-01-12 11:45:29.211 | INFO     | app.main:log_requests:41 - Completed: GET /api/v1/products/ Status: 200 Duration: 0.374s
2026-01-12 11:45:29.211 | INFO     | app.main:log_requests:41 - Completed: GET /api/v1/orders Status: 307 Duration: 0.374s
2026-01-12 11:45:29.220 | INFO     | app.main:log_requests:35 - Incoming request: GET /api/v1/orders/
2026-01-12 11:45:31.198 | INFO     | app.main:log_requests:41 - Completed: GET /api/v1/orders/ Status: 200 Duration: 1.978s
2026-01-12 11:54:38.013 | INFO     | app.main:log_requests:35 - Incoming request: GET /api/v1/products
2026-01-12 11:54:38.020 | INFO     | app.main:log_requests:35 - Incoming request: GET /api/v1/orders
2026-01-12 11:54:38.021 | INFO     | app.main:log_requests:41 - Completed: GET /api/v1/products Status: 307 Duration: 0.009s
2026-01-12 11:54:38.024 | INFO     | app.main:log_requests:41 - Completed: GET /api/v1/orders Status: 307 Duration: 0.003s
2026-01-12 11:54:38.029 | INFO     | app.main:log_requests:35 - Incoming request: GET /api/v1/products/
2026-01-12 11:54:38.952 | INFO     | app.main:log_requests:41 - Completed: GET /api/v1/products/ Status: 200 Duration: 0.923s
2026-01-12 11:54:38.958 | INFO     | app.main:log_requests:35 - Incoming request: GET /api/v1/orders
2026-01-12 11:54:38.961 | INFO     | app.main:log_requests:35 - Incoming request: GET /api/v1/orders/
2026-01-12 11:54:38.961 | INFO     | app.main:log_requests:41 - Completed: GET /api/v1/orders Status: 307 Duration: 0.004s
2026-01-12 11:54:40.921 | INFO     | app.main:log_requests:41 - Completed: GET /api/v1/orders/ Status: 200 Duration: 1.960s
2026-01-12 11:54:40.923 | INFO     | app.main:log_requests:35 - Incoming request: GET /api/v1/orders/
2026-01-12 11:54:42.308 | INFO     | app.main:log_requests:41 - Completed: GET /api/v1/orders/ Status: 200 Duration: 1.385s
2026-01-12 11:55:35.859 | INFO     | app.main:log_requests:35 - Incoming request: GET /api/v1/orders
2026-01-12 11:55:35.860 | INFO     | app.main:log_requests:35 - Incoming request: GET /api/v1/products
2026-01-12 11:55:35.861 | INFO     | app.main:log_requests:41 - Completed: GET /api/v1/orders Status: 307 Duration: 0.002s
2026-01-12 11:55:35.862 | INFO     | app.main:log_requests:41 - Completed: GET /api/v1/products Status: 307 Duration: 0.002s
2026-01-12 11:55:35.865 | INFO     | app.main:log_requests:35 - Incoming request: GET /api/v1/orders/
2026-01-12 11:55:38.100 | INFO     | app.main:log_requests:41 - Completed: GET /api/v1/orders/ Status: 200 Duration: 2.236s
2026-01-12 11:55:38.100 | INFO     | app.main:log_requests:35 - Incoming request: GET /api/v1/products/
2026-01-12 11:55:38.720 | INFO     | app.main:log_requests:41 - Completed: GET /api/v1/products/ Status: 200 Duration: 0.620s
2026-01-12 11:55:38.720 | INFO     | app.main:log_requests:35 - Incoming request: GET /api/v1/orders
2026-01-12 11:55:38.722 | INFO     | app.main:log_requests:41 - Completed: GET /api/v1/orders Status: 307 Duration: 0.002s
2026-01-12 11:55:38.733 | INFO     | app.main:log_requests:35 - Incoming request: GET /api/v1/orders/
2026-01-12 11:55:40.361 | INFO     | app.main:log_requests:41 - Completed: GET /api/v1/orders/ Status: 200 Duration: 1.628s
2026-01-12 11:56:28.221 | INFO     | app.main:log_requests:35 - Incoming request: POST /api/v1/orders/multi-sku
2026-01-12 11:56:28.840 | INFO     | app.main:log_requests:41 - Completed: POST /api/v1/orders/multi-sku Status: 403 Duration: 0.619s
2026-01-12 11:56:37.350 | INFO     | app.main:log_requests:35 - Incoming request: POST /api/v1/orders/multi-sku
2026-01-12 11:56:37.569 | INFO     | app.main:log_requests:41 - Completed: POST /api/v1/orders/multi-sku Status: 403 Duration: 0.219s
2026-01-12 12:04:08.216 | INFO     | app.main:create_application:20 - Starting Manufacturing OS v1.0.0
2026-01-12 12:04:08.217 | INFO     | app.main:create_application:21 - Environment: development
2026-01-12 12:04:08.217 | INFO     | app.main:create_application:22 - Debug mode: True
2026-01-12 12:04:08.217 | INFO     | app.main:create_application:23 - Allowed origins: ['http://localhost:3000', 'http://localhost:3001', 'http://localhost:5173']
2026-01-12 12:04:08.217 | INFO     | app.main:create_application:27 - Exception handlers configured
2026-01-12 12:04:08.217 | INFO     | app.main:create_application:58 - CORS middleware configured
2026-01-12 12:04:08.465 | INFO     | app.main:create_application:62 - API router registered at /api/v1
2026-01-12 12:05:27.347 | INFO     | app.main:log_requests:35 - Incoming request: GET /api/v1/dashboard
2026-01-12 12:05:27.349 | INFO     | app.main:log_requests:41 - Completed: GET /api/v1/dashboard Status: 307 Duration: 0.002s
2026-01-12 12:05:27.355 | INFO     | app.main:log_requests:35 - Incoming request: GET /api/v1/dashboard/
2026-01-12 12:05:35.756 | INFO     | app.main:log_requests:41 - Completed: GET /api/v1/dashboard/ Status: 200 Duration: 8.401s
2026-01-12 12:05:49.975 | INFO     | app.main:log_requests:35 - Incoming request: GET /api/v1/products
2026-01-12 12:05:49.978 | INFO     | app.main:log_requests:35 - Incoming request: GET /api/v1/products
2026-01-12 12:05:49.980 | INFO     | app.main:log_requests:41 - Completed: GET /api/v1/products Status: 307 Duration: 0.004s
2026-01-12 12:05:49.987 | INFO     | app.main:log_requests:41 - Completed: GET /api/v1/products Status: 307 Duration: 0.008s
2026-01-12 12:05:49.988 | INFO     | app.main:log_requests:35 - Incoming request: GET /api/v1/inventory-items/
2026-01-12 12:05:50.696 | INFO     | app.main:log_requests:41 - Completed: GET /api/v1/inventory-items/ Status: 200 Duration: 0.708s
2026-01-12 12:05:50.703 | INFO     | app.main:log_requests:35 - Incoming request: GET /api/v1/products/
2026-01-12 12:05:51.058 | INFO     | app.main:log_requests:41 - Completed: GET /api/v1/products/ Status: 200 Duration: 0.354s
2026-01-12 12:05:51.059 | INFO     | app.main:log_requests:35 - Incoming request: GET /api/v1/products/
2026-01-12 12:05:51.388 | INFO     | app.main:log_requests:41 - Completed: GET /api/v1/products/ Status: 200 Duration: 0.329s
2026-01-12 12:05:51.412 | INFO     | app.main:log_requests:35 - Incoming request: GET /api/v1/boms/product/c0797b9a-24d9-4d00-9126-645e2fabd5f4/active
2026-01-12 12:06:12.778 | INFO     | app.main:log_requests:35 - Incoming request: GET /api/v1/dashboard
2026-01-12 12:06:12.780 | INFO     | app.main:log_requests:41 - Completed: GET /api/v1/dashboard Status: 307 Duration: 0.002s
2026-01-12 12:06:12.784 | INFO     | app.main:log_requests:35 - Incoming request: GET /api/v1/dashboard/
2026-01-12 12:06:19.517 | INFO     | app.main:log_requests:41 - Completed: GET /api/v1/dashboard/ Status: 200 Duration: 6.734s
2026-01-12 12:06:19.519 | INFO     | app.main:log_requests:35 - Incoming request: GET /api/v1/inventory-items/
2026-01-12 12:06:19.861 | INFO     | app.main:log_requests:41 - Completed: GET /api/v1/inventory-items/ Status: 200 Duration: 0.343s
2026-01-12 12:06:21.515 | INFO     | app.main:log_requests:35 - Incoming request: GET /api/v1/inventory-items/
2026-01-12 12:06:21.901 | INFO     | app.main:log_requests:41 - Completed: GET /api/v1/inventory-items/ Status: 200 Duration: 0.386s
2026-01-12 12:07:06.315 | INFO     | app.main:log_requests:35 - Incoming request: GET /api/v1/products
2026-01-12 12:07:06.316 | INFO     | app.main:log_requests:41 - Completed: GET /api/v1/products Status: 307 Duration: 0.001s
2026-01-12 12:07:06.317 | INFO     | app.main:log_requests:35 - Incoming request: GET /api/v1/orders
2026-01-12 12:07:06.318 | INFO     | app.main:log_requests:41 - Completed: GET /api/v1/orders Status: 307 Duration: 0.001s
2026-01-12 12:07:06.321 | INFO     | app.main:log_requests:35 - Incoming request: GET /api/v1/products/
2026-01-12 12:07:06.708 | INFO     | app.main:log_requests:41 - Completed: GET /api/v1/products/ Status: 200 Duration: 0.388s
2026-01-12 12:07:06.711 | INFO     | app.main:log_requests:35 - Incoming request: GET /api/v1/orders
2026-01-12 12:07:06.712 | INFO     | app.main:log_requests:41 - Completed: GET /api/v1/orders Status: 307 Duration: 0.001s
2026-01-12 12:07:06.715 | INFO     | app.main:log_requests:35 - Incoming request: GET /api/v1/orders/
2026-01-12 12:07:08.301 | INFO     | app.main:log_requests:41 - Completed: GET /api/v1/orders/ Status: 200 Duration: 1.586s
2026-01-12 12:07:08.304 | INFO     | app.main:log_requests:35 - Incoming request: GET /api/v1/orders/
2026-01-12 12:07:09.932 | INFO     | app.main:log_requests:41 - Completed: GET /api/v1/orders/ Status: 200 Duration: 1.628s
2026-01-12 12:07:59.627 | INFO     | app.main:log_requests:35 - Incoming request: GET /api/v1/products
2026-01-12 12:07:59.633 | INFO     | app.main:log_requests:41 - Completed: GET /api/v1/products Status: 307 Duration: 0.005s
2026-01-12 12:07:59.638 | INFO     | app.main:log_requests:35 - Incoming request: GET /api/v1/products
2026-01-12 12:07:59.640 | INFO     | app.main:log_requests:41 - Completed: GET /api/v1/products Status: 307 Duration: 0.002s
2026-01-12 12:07:59.659 | INFO     | app.main:log_requests:35 - Incoming request: GET /api/v1/inventory-items/
2026-01-12 12:08:00.285 | INFO     | app.main:log_requests:41 - Completed: GET /api/v1/inventory-items/ Status: 200 Duration: 0.626s
2026-01-12 12:08:00.286 | INFO     | app.main:log_requests:35 - Incoming request: GET /api/v1/products/
2026-01-12 12:08:00.287 | INFO     | app.main:log_requests:35 - Incoming request: GET /api/v1/products/
2026-01-12 12:08:01.065 | INFO     | app.main:log_requests:41 - Completed: GET /api/v1/products/ Status: 200 Duration: 0.778s
2026-01-12 12:08:01.066 | INFO     | app.main:log_requests:41 - Completed: GET /api/v1/products/ Status: 200 Duration: 0.778s
2026-01-12 12:08:01.092 | INFO     | app.main:log_requests:35 - Incoming request: GET /api/v1/boms/product/c0797b9a-24d9-4d00-9126-645e2fabd5f4/active
2026-01-12 12:08:07.090 | INFO     | app.main:log_requests:35 - Incoming request: GET /api/v1/boms/product/bab08f2f-ac63-4c6b-94d6-24eace5697e0/active
2026-01-12 12:08:13.253 | INFO     | app.main:log_requests:35 - Incoming request: GET /api/v1/boms/product/4b401bfd-3d3e-4f4f-93e9-6cd95cc1aafa/active
2026-01-12 12:08:17.162 | INFO     | app.main:log_requests:35 - Incoming request: GET /api/v1/boms/product/eeb403c2-869c-4228-9403-4edcf403d144/active
2026-01-12 12:08:26.820 | INFO     | app.main:log_requests:35 - Incoming request: GET /api/v1/boms/product/e8221189-ce98-4323-9b2d-b8ad6cfa8b79/active
2026-01-12 12:08:34.504 | INFO     | app.main:log_requests:35 - Incoming request: GET /api/v1/boms/product/c0797b9a-24d9-4d00-9126-645e2fabd5f4/active
2026-01-12 12:08:44.825 | INFO     | app.main:log_requests:35 - Incoming request: GET /api/v1/boms/product/ec965c3d-7679-4be5-afbc-e86b30858eaf/active
2026-01-12 12:12:45.234 | INFO     | app.main:log_requests:35 - Incoming request: GET /api/v1/inventory-items
2026-01-12 12:12:45.238 | INFO     | app.main:log_requests:41 - Completed: GET /api/v1/inventory-items Status: 307 Duration: 0.004s
2026-01-12 12:12:45.244 | INFO     | app.main:log_requests:35 - Incoming request: GET /api/v1/material-transfers
2026-01-12 12:12:45.247 | INFO     | app.main:log_requests:35 - Incoming request: GET /api/v1/working-orders
2026-01-12 12:12:45.247 | INFO     | app.main:log_requests:35 - Incoming request: GET /api/v1/wip-stages
2026-01-12 12:12:45.248 | INFO     | app.main:log_requests:41 - Completed: GET /api/v1/material-transfers Status: 307 Duration: 0.004s
2026-01-12 12:12:45.267 | INFO     | app.main:log_requests:41 - Completed: GET /api/v1/working-orders Status: 404 Duration: 0.020s
2026-01-12 12:12:45.271 | INFO     | app.main:log_requests:41 - Completed: GET /api/v1/wip-stages Status: 404 Duration: 0.023s
2026-01-12 12:12:45.292 | INFO     | app.main:log_requests:35 - Incoming request: GET /api/v1/inventory-items/
2026-01-12 12:12:46.056 | INFO     | app.main:log_requests:41 - Completed: GET /api/v1/inventory-items/ Status: 200 Duration: 0.764s
2026-01-12 12:12:46.057 | INFO     | app.main:log_requests:35 - Incoming request: GET /api/v1/material-transfers/
2026-01-12 12:12:46.374 | INFO     | app.main:log_requests:41 - Completed: GET /api/v1/material-transfers/ Status: 200 Duration: 0.317s
2026-01-12 12:14:45.195 | INFO     | app.main:log_requests:35 - Incoming request: GET /api/v1/orders
2026-01-12 12:14:45.196 | INFO     | app.main:log_requests:41 - Completed: GET /api/v1/orders Status: 307 Duration: 0.001s
2026-01-12 12:14:45.199 | INFO     | app.main:log_requests:35 - Incoming request: GET /api/v1/products
2026-01-12 12:14:45.200 | INFO     | app.main:log_requests:41 - Completed: GET /api/v1/products Status: 307 Duration: 0.001s
2026-01-12 12:14:45.210 | INFO     | app.main:log_requests:35 - Incoming request: GET /api/v1/orders/
2026-01-12 12:14:45.211 | INFO     | app.main:log_requests:41 - Completed: GET /api/v1/orders/ Status: 401 Duration: 0.001s
2026-01-12 12:14:45.213 | INFO     | app.main:log_requests:35 - Incoming request: GET /api/v1/products/
2026-01-12 12:14:45.218 | INFO     | app.main:log_requests:41 - Completed: GET /api/v1/products/ Status: 401 Duration: 0.005s
2026-01-12 12:14:45.236 | INFO     | app.main:log_requests:35 - Incoming request: POST /api/v1/auth/refresh
2026-01-12 12:14:46.105 | INFO     | app.main:log_requests:41 - Completed: POST /api/v1/auth/refresh Status: 200 Duration: 0.868s
2026-01-12 12:14:46.108 | INFO     | app.main:log_requests:35 - Incoming request: GET /api/v1/orders
2026-01-12 12:14:46.109 | INFO     | app.main:log_requests:41 - Completed: GET /api/v1/orders Status: 307 Duration: 0.002s
2026-01-12 12:14:46.117 | INFO     | app.main:log_requests:35 - Incoming request: GET /api/v1/orders
2026-01-12 12:14:46.118 | INFO     | app.main:log_requests:41 - Completed: GET /api/v1/orders Status: 307 Duration: 0.001s
2026-01-12 12:14:46.120 | INFO     | app.main:log_requests:35 - Incoming request: GET /api/v1/orders/
2026-01-12 12:14:46.122 | INFO     | app.main:log_requests:35 - Incoming request: GET /api/v1/products
2026-01-12 12:14:46.124 | INFO     | app.main:log_requests:41 - Completed: GET /api/v1/orders/ Status: 401 Duration: 0.004s
2026-01-12 12:14:46.126 | INFO     | app.main:log_requests:41 - Completed: GET /api/v1/products Status: 307 Duration: 0.004s
2026-01-12 12:14:46.134 | INFO     | app.main:log_requests:35 - Incoming request: GET /api/v1/orders/
2026-01-12 12:14:47.558 | INFO     | app.main:log_requests:41 - Completed: GET /api/v1/orders/ Status: 200 Duration: 1.424s
2026-01-12 12:14:47.559 | INFO     | app.main:log_requests:35 - Incoming request: POST /api/v1/auth/refresh
2026-01-12 12:14:47.560 | INFO     | app.main:log_requests:35 - Incoming request: GET /api/v1/products/
2026-01-12 12:14:47.857 | INFO     | app.main:log_requests:41 - Completed: GET /api/v1/products/ Status: 200 Duration: 0.296s
2026-01-12 12:14:48.282 | INFO     | app.main:log_requests:41 - Completed: POST /api/v1/auth/refresh Status: 200 Duration: 0.723s
2026-01-12 12:14:48.289 | INFO     | app.main:log_requests:35 - Incoming request: GET /api/v1/orders
2026-01-12 12:14:48.292 | INFO     | app.main:log_requests:41 - Completed: GET /api/v1/orders Status: 307 Duration: 0.003s
2026-01-12 12:14:48.306 | INFO     | app.main:log_requests:35 - Incoming request: GET /api/v1/orders/
2026-01-12 12:14:49.704 | INFO     | app.main:log_requests:41 - Completed: GET /api/v1/orders/ Status: 200 Duration: 1.398s
2026-01-12 12:16:51.070 | INFO     | app.main:log_requests:35 - Incoming request: GET /api/v1/orders
2026-01-12 12:16:51.071 | INFO     | app.main:log_requests:41 - Completed: GET /api/v1/orders Status: 307 Duration: 0.001s
2026-01-12 12:16:51.073 | INFO     | app.main:log_requests:35 - Incoming request: GET /api/v1/wip/working-orders
2026-01-12 12:16:51.720 | INFO     | app.api.v1.endpoints.wip:list_working_orders:77 - Working orders listed: page 1, limit 100, user 00000000-0000-0000-0000-000000000001
2026-01-12 12:16:51.721 | INFO     | app.main:log_requests:41 - Completed: GET /api/v1/wip/working-orders Status: 200 Duration: 0.648s
2026-01-12 12:16:51.722 | INFO     | app.main:log_requests:35 - Incoming request: GET /api/v1/orders/
2026-01-12 12:16:53.257 | INFO     | app.main:log_requests:41 - Completed: GET /api/v1/orders/ Status: 200 Duration: 1.535s
2026-01-12 12:16:53.258 | INFO     | app.main:log_requests:35 - Incoming request: GET /api/v1/orders
2026-01-12 12:16:53.260 | INFO     | app.main:log_requests:41 - Completed: GET /api/v1/orders Status: 307 Duration: 0.002s
2026-01-12 12:16:53.266 | INFO     | app.main:log_requests:35 - Incoming request: GET /api/v1/orders/
2026-01-12 12:16:54.625 | INFO     | app.main:log_requests:41 - Completed: GET /api/v1/orders/ Status: 200 Duration: 1.359s
2026-01-12 12:20:04.294 | INFO     | app.main:log_requests:35 - Incoming request: GET /api/v1/orders
2026-01-12 12:20:04.295 | INFO     | app.main:log_requests:41 - Completed: GET /api/v1/orders Status: 307 Duration: 0.001s
2026-01-12 12:20:04.296 | INFO     | app.main:log_requests:35 - Incoming request: GET /api/v1/products
2026-01-12 12:20:04.297 | INFO     | app.main:log_requests:41 - Completed: GET /api/v1/products Status: 307 Duration: 0.001s
2026-01-12 12:20:04.306 | INFO     | app.main:log_requests:35 - Incoming request: GET /api/v1/orders/
2026-01-12 12:20:06.263 | INFO     | app.main:log_requests:35 - Incoming request: GET /api/v1/products/
2026-01-12 12:20:06.264 | INFO     | app.main:log_requests:41 - Completed: GET /api/v1/orders/ Status: 200 Duration: 1.958s
2026-01-12 12:20:06.562 | INFO     | app.main:log_requests:41 - Completed: GET /api/v1/products/ Status: 200 Duration: 0.298s
2026-01-12 12:20:06.565 | INFO     | app.main:log_requests:35 - Incoming request: GET /api/v1/orders
2026-01-12 12:20:06.566 | INFO     | app.main:log_requests:41 - Completed: GET /api/v1/orders Status: 307 Duration: 0.001s
2026-01-12 12:20:06.568 | INFO     | app.main:log_requests:35 - Incoming request: GET /api/v1/wip-board/board
2026-01-12 12:20:06.569 | INFO     | app.main:log_requests:35 - Incoming request: GET /api/v1/wip-board/alerts
2026-01-12 12:20:07.253 | INFO     | app.main:log_requests:35 - Incoming request: GET /api/v1/orders/
2026-01-12 12:20:08.679 | INFO     | app.main:log_requests:41 - Completed: GET /api/v1/orders/ Status: 200 Duration: 1.426s
2026-01-12 12:20:09.110 | INFO     | app.main:log_requests:35 - Incoming request: GET /api/v1/wip-board/board
2026-01-12 12:20:09.407 | INFO     | app.main:log_requests:35 - Incoming request: GET /api/v1/wip-board/alerts
2026-01-12 12:20:10.026 | INFO     | app.main:log_requests:35 - Incoming request: GET /api/v1/wip-board/board
2026-01-12 12:20:10.387 | INFO     | app.main:log_requests:35 - Incoming request: GET /api/v1/wip-board/alerts
2026-01-12 12:20:11.012 | INFO     | app.main:log_requests:35 - Incoming request: GET /api/v1/wip-board/board
2026-01-12 12:20:11.321 | INFO     | app.main:log_requests:35 - Incoming request: GET /api/v1/wip-board/alerts
2026-01-12 12:20:13.041 | INFO     | app.main:log_requests:35 - Incoming request: GET /api/v1/products
2026-01-12 12:20:13.043 | INFO     | app.main:log_requests:41 - Completed: GET /api/v1/products Status: 307 Duration: 0.002s
2026-01-12 12:20:13.074 | INFO     | app.main:log_requests:35 - Incoming request: GET /api/v1/inventory-items/
2026-01-12 12:20:13.407 | INFO     | app.main:log_requests:41 - Completed: GET /api/v1/inventory-items/ Status: 200 Duration: 0.334s
2026-01-12 12:20:13.408 | INFO     | app.main:log_requests:35 - Incoming request: GET /api/v1/products
2026-01-12 12:20:13.409 | INFO     | app.main:log_requests:35 - Incoming request: GET /api/v1/products/
2026-01-12 12:20:13.779 | INFO     | app.main:log_requests:41 - Completed: GET /api/v1/products Status: 307 Duration: 0.372s
2026-01-12 12:20:13.780 | INFO     | app.main:log_requests:41 - Completed: GET /api/v1/products/ Status: 200 Duration: 0.372s
2026-01-12 12:20:13.788 | INFO     | app.main:log_requests:35 - Incoming request: GET /api/v1/products/
2026-01-12 12:20:14.103 | INFO     | app.main:log_requests:41 - Completed: GET /api/v1/products/ Status: 200 Duration: 0.315s
2026-01-12 12:20:14.108 | INFO     | app.main:log_requests:35 - Incoming request: GET /api/v1/boms/product/c0797b9a-24d9-4d00-9126-645e2fabd5f4/active
2026-01-12 12:20:20.768 | INFO     | app.main:log_requests:35 - Incoming request: GET /api/v1/dashboard
2026-01-12 12:20:20.769 | INFO     | app.main:log_requests:41 - Completed: GET /api/v1/dashboard Status: 307 Duration: 0.001s
2026-01-12 12:20:20.803 | INFO     | app.main:log_requests:35 - Incoming request: GET /api/v1/dashboard/
2026-01-12 12:20:27.025 | INFO     | app.main:log_requests:41 - Completed: GET /api/v1/dashboard/ Status: 200 Duration: 6.223s
2026-01-12 12:20:27.028 | INFO     | app.main:log_requests:35 - Incoming request: GET /api/v1/inventory-items/
2026-01-12 12:20:27.340 | INFO     | app.main:log_requests:41 - Completed: GET /api/v1/inventory-items/ Status: 200 Duration: 0.312s
2026-01-12 12:20:36.743 | INFO     | app.main:log_requests:35 - Incoming request: GET /api/v1/gate-entries/stats
2026-01-12 12:20:37.132 | INFO     | app.main:log_requests:41 - Completed: GET /api/v1/gate-entries/stats Status: 200 Duration: 0.390s
2026-01-12 12:20:44.023 | INFO     | app.main:log_requests:35 - Incoming request: GET /api/v1/gate-entries/stats
2026-01-12 12:20:44.480 | INFO     | app.main:log_requests:41 - Completed: GET /api/v1/gate-entries/stats Status: 200 Duration: 0.457s
2026-01-12 12:20:44.735 | INFO     | app.main:log_requests:35 - Incoming request: GET /api/v1/gate-entries/stats
2026-01-12 12:20:45.030 | INFO     | app.main:log_requests:41 - Completed: GET /api/v1/gate-entries/stats Status: 200 Duration: 0.295s
2026-01-12 12:20:45.038 | INFO     | app.main:log_requests:35 - Incoming request: GET /api/v1/gate-entries/
2026-01-12 12:20:48.566 | INFO     | app.main:log_requests:41 - Completed: GET /api/v1/gate-entries/ Status: 200 Duration: 3.528s
2026-01-12 12:20:55.586 | INFO     | app.main:log_requests:35 - Incoming request: GET /api/v1/gate-entries/189a9fc5-d69c-4003-b960-57f3257f865f
2026-01-12 12:20:56.046 | INFO     | app.main:log_requests:41 - Completed: GET /api/v1/gate-entries/189a9fc5-d69c-4003-b960-57f3257f865f Status: 200 Duration: 0.460s
2026-01-12 12:20:59.444 | INFO     | app.main:log_requests:35 - Incoming request: GET /api/v1/wip-board/board
2026-01-12 12:20:59.961 | INFO     | app.main:log_requests:35 - Incoming request: GET /api/v1/wip-board/alerts
2026-01-12 12:21:01.891 | INFO     | app.main:log_requests:35 - Incoming request: GET /api/v1/dashboard
2026-01-12 12:21:01.892 | INFO     | app.main:log_requests:41 - Completed: GET /api/v1/dashboard Status: 307 Duration: 0.001s
2026-01-12 12:21:01.895 | INFO     | app.main:log_requests:35 - Incoming request: GET /api/v1/dashboard/
2026-01-12 12:21:09.197 | INFO     | app.main:log_requests:41 - Completed: GET /api/v1/dashboard/ Status: 200 Duration: 7.302s
2026-01-12 12:21:31.589 | INFO     | app.main:log_requests:35 - Incoming request: GET /api/v1/dashboard
2026-01-12 12:21:31.590 | INFO     | app.main:log_requests:41 - Completed: GET /api/v1/dashboard Status: 307 Duration: 0.001s
2026-01-12 12:21:31.594 | INFO     | app.main:log_requests:35 - Incoming request: GET /api/v1/dashboard/
2026-01-12 12:21:38.375 | INFO     | app.main:log_requests:41 - Completed: GET /api/v1/dashboard/ Status: 200 Duration: 6.781s
2026-01-12 12:21:42.898 | INFO     | app.main:log_requests:35 - Incoming request: GET /api/v1/wip-board/board
2026-01-12 12:21:43.323 | INFO     | app.main:log_requests:35 - Incoming request: GET /api/v1/wip-board/alerts
2026-01-12 12:21:44.501 | INFO     | app.main:log_requests:35 - Incoming request: GET /api/v1/dashboard
2026-01-12 12:21:44.503 | INFO     | app.main:log_requests:41 - Completed: GET /api/v1/dashboard Status: 307 Duration: 0.002s
2026-01-12 12:21:44.551 | INFO     | app.main:log_requests:35 - Incoming request: GET /api/v1/dashboard/
2026-01-12 12:21:51.326 | INFO     | app.main:log_requests:41 - Completed: GET /api/v1/dashboard/ Status: 200 Duration: 6.775s
2026-01-12 12:22:14.512 | INFO     | app.main:log_requests:35 - Incoming request: GET /api/v1/dashboard
2026-01-12 12:22:14.516 | INFO     | app.main:log_requests:41 - Completed: GET /api/v1/dashboard Status: 307 Duration: 0.003s
2026-01-12 12:22:14.545 | INFO     | app.main:log_requests:35 - Incoming request: GET /api/v1/dashboard/
2026-01-12 12:22:21.635 | INFO     | app.main:log_requests:41 - Completed: GET /api/v1/dashboard/ Status: 200 Duration: 7.090s
2026-01-12 12:22:23.940 | INFO     | app.main:log_requests:35 - Incoming request: GET /api/v1/products
2026-01-12 12:22:23.943 | INFO     | app.main:log_requests:41 - Completed: GET /api/v1/products Status: 307 Duration: 0.004s
2026-01-12 12:22:23.954 | INFO     | app.main:log_requests:35 - Incoming request: GET /api/v1/products
2026-01-12 12:22:23.955 | INFO     | app.main:log_requests:41 - Completed: GET /api/v1/products Status: 307 Duration: 0.001s
2026-01-12 12:22:23.962 | INFO     | app.main:log_requests:35 - Incoming request: GET /api/v1/inventory-items/
2026-01-12 12:22:24.303 | INFO     | app.main:log_requests:41 - Completed: GET /api/v1/inventory-items/ Status: 200 Duration: 0.341s
2026-01-12 12:22:24.306 | INFO     | app.main:log_requests:35 - Incoming request: GET /api/v1/orders
2026-01-12 12:22:24.307 | INFO     | app.main:log_requests:35 - Incoming request: GET /api/v1/products/
2026-01-12 12:22:24.307 | INFO     | app.main:log_requests:35 - Incoming request: GET /api/v1/products
2026-01-12 12:22:24.308 | INFO     | app.main:log_requests:35 - Incoming request: GET /api/v1/products/
2026-01-12 12:22:24.935 | INFO     | app.main:log_requests:41 - Completed: GET /api/v1/orders Status: 307 Duration: 0.629s
2026-01-12 12:22:24.936 | INFO     | app.main:log_requests:41 - Completed: GET /api/v1/products/ Status: 200 Duration: 0.629s
2026-01-12 12:22:24.937 | INFO     | app.main:log_requests:41 - Completed: GET /api/v1/products Status: 307 Duration: 0.630s
2026-01-12 12:22:24.938 | INFO     | app.main:log_requests:41 - Completed: GET /api/v1/products/ Status: 200 Duration: 0.630s
2026-01-12 12:22:24.941 | INFO     | app.main:log_requests:35 - Incoming request: GET /api/v1/orders
2026-01-12 12:22:24.945 | INFO     | app.main:log_requests:41 - Completed: GET /api/v1/orders Status: 307 Duration: 0.004s
2026-01-12 12:22:24.950 | INFO     | app.main:log_requests:35 - Incoming request: GET /api/v1/orders/
2026-01-12 12:22:26.438 | INFO     | app.main:log_requests:41 - Completed: GET /api/v1/orders/ Status: 200 Duration: 1.488s
2026-01-12 12:22:26.439 | INFO     | app.main:log_requests:35 - Incoming request: GET /api/v1/products/
2026-01-12 12:22:26.818 | INFO     | app.main:log_requests:41 - Completed: GET /api/v1/products/ Status: 200 Duration: 0.380s
2026-01-12 12:22:26.819 | INFO     | app.main:log_requests:35 - Incoming request: GET /api/v1/orders/
2026-01-12 12:22:28.241 | INFO     | app.main:log_requests:41 - Completed: GET /api/v1/orders/ Status: 200 Duration: 1.421s
2026-01-12 12:23:02.237 | INFO     | app.main:log_requests:35 - Incoming request: POST /api/v1/orders/multi-sku
2026-01-12 12:23:02.516 | INFO     | app.main:log_requests:41 - Completed: POST /api/v1/orders/multi-sku Status: 422 Duration: 0.279s
2026-01-12 12:23:09.384 | INFO     | app.main:log_requests:35 - Incoming request: GET /api/v1/orders
2026-01-12 12:23:09.386 | INFO     | app.main:log_requests:41 - Completed: GET /api/v1/orders Status: 307 Duration: 0.002s
2026-01-12 12:23:09.395 | INFO     | app.main:log_requests:35 - Incoming request: GET /api/v1/orders/
2026-01-12 12:23:10.944 | INFO     | app.main:log_requests:41 - Completed: GET /api/v1/orders/ Status: 200 Duration: 1.549s
2026-01-12 12:28:18.758 | INFO     | app.main:log_requests:35 - Incoming request: GET /api/v1/wip-board/alerts
2026-01-12 12:28:18.762 | INFO     | app.main:log_requests:35 - Incoming request: GET /api/v1/wip-board/board
2026-01-12 12:28:21.147 | INFO     | app.main:log_requests:35 - Incoming request: GET /api/v1/orders
2026-01-12 12:28:21.150 | INFO     | app.main:log_requests:41 - Completed: GET /api/v1/orders Status: 307 Duration: 0.003s
2026-01-12 12:28:21.170 | INFO     | app.main:log_requests:35 - Incoming request: GET /api/v1/wip/working-orders
2026-01-12 12:28:21.541 | INFO     | app.api.v1.endpoints.wip:list_working_orders:77 - Working orders listed: page 1, limit 100, user 00000000-0000-0000-0000-000000000001
2026-01-12 12:28:21.542 | INFO     | app.main:log_requests:41 - Completed: GET /api/v1/wip/working-orders Status: 200 Duration: 0.372s
2026-01-12 12:28:21.543 | INFO     | app.main:log_requests:35 - Incoming request: GET /api/v1/orders/
2026-01-12 12:28:22.982 | INFO     | app.main:log_requests:41 - Completed: GET /api/v1/orders/ Status: 200 Duration: 1.440s
2026-01-12 12:28:22.983 | INFO     | app.main:log_requests:35 - Incoming request: GET /api/v1/orders
2026-01-12 12:28:22.984 | INFO     | app.main:log_requests:41 - Completed: GET /api/v1/orders Status: 307 Duration: 0.001s
2026-01-12 12:28:22.988 | INFO     | app.main:log_requests:35 - Incoming request: GET /api/v1/orders/
2026-01-12 12:28:24.447 | INFO     | app.main:log_requests:41 - Completed: GET /api/v1/orders/ Status: 200 Duration: 1.459s
2026-01-12 12:28:28.833 | INFO     | app.main:log_requests:35 - Incoming request: GET /api/v1/products
2026-01-12 12:28:28.837 | INFO     | app.main:log_requests:41 - Completed: GET /api/v1/products Status: 307 Duration: 0.004s
2026-01-12 12:28:28.853 | INFO     | app.main:log_requests:35 - Incoming request: GET /api/v1/products
2026-01-12 12:28:28.855 | INFO     | app.main:log_requests:41 - Completed: GET /api/v1/products Status: 307 Duration: 0.002s
2026-01-12 12:28:28.862 | INFO     | app.main:log_requests:35 - Incoming request: GET /api/v1/products/
2026-01-12 12:28:29.200 | INFO     | app.main:log_requests:41 - Completed: GET /api/v1/products/ Status: 200 Duration: 0.338s
2026-01-12 12:28:29.201 | INFO     | app.main:log_requests:35 - Incoming request: GET /api/v1/products/
2026-01-12 12:28:29.202 | INFO     | app.main:log_requests:35 - Incoming request: GET /api/v1/inventory-items/
2026-01-12 12:28:29.943 | INFO     | app.main:log_requests:41 - Completed: GET /api/v1/products/ Status: 200 Duration: 0.741s
2026-01-12 12:28:29.944 | INFO     | app.main:log_requests:41 - Completed: GET /api/v1/inventory-items/ Status: 200 Duration: 0.741s
2026-01-12 12:28:29.946 | INFO     | app.main:log_requests:35 - Incoming request: GET /api/v1/boms/product/c0797b9a-24d9-4d00-9126-645e2fabd5f4/active
2026-01-12 12:28:30.916 | INFO     | app.main:log_requests:35 - Incoming request: GET /api/v1/orders
2026-01-12 12:28:30.919 | INFO     | app.main:log_requests:41 - Completed: GET /api/v1/orders Status: 307 Duration: 0.002s
2026-01-12 12:28:30.922 | INFO     | app.main:log_requests:35 - Incoming request: GET /api/v1/products
2026-01-12 12:28:30.925 | INFO     | app.main:log_requests:41 - Completed: GET /api/v1/products Status: 307 Duration: 0.003s
2026-01-12 12:28:30.958 | INFO     | app.main:log_requests:35 - Incoming request: GET /api/v1/orders/
2026-01-12 12:28:32.371 | INFO     | app.main:log_requests:35 - Incoming request: GET /api/v1/products/
2026-01-12 12:28:32.371 | INFO     | app.main:log_requests:41 - Completed: GET /api/v1/orders/ Status: 200 Duration: 1.413s
2026-01-12 12:28:32.685 | INFO     | app.main:log_requests:35 - Incoming request: GET /api/v1/orders
2026-01-12 12:28:32.686 | INFO     | app.main:log_requests:41 - Completed: GET /api/v1/products/ Status: 200 Duration: 0.316s
2026-01-12 12:28:32.688 | INFO     | app.main:log_requests:41 - Completed: GET /api/v1/orders Status: 307 Duration: 0.003s
2026-01-12 12:28:32.696 | INFO     | app.main:log_requests:35 - Incoming request: GET /api/v1/orders/
2026-01-12 12:28:34.104 | INFO     | app.main:log_requests:41 - Completed: GET /api/v1/orders/ Status: 200 Duration: 1.408s
2026-01-12 12:43:14.796 | INFO     | app.main:create_application:20 - Starting Manufacturing OS v1.0.0
2026-01-12 12:43:14.797 | INFO     | app.main:create_application:21 - Environment: development
2026-01-12 12:43:14.797 | INFO     | app.main:create_application:22 - Debug mode: True
2026-01-12 12:43:14.798 | INFO     | app.main:create_application:23 - Allowed origins: ['http://localhost:3000', 'http://localhost:3001', 'http://localhost:5173']
2026-01-12 12:43:14.798 | INFO     | app.main:create_application:27 - Exception handlers configured
2026-01-12 12:43:14.798 | INFO     | app.main:create_application:58 - CORS middleware configured
2026-01-12 12:43:15.201 | INFO     | app.main:create_application:62 - API router registered at /api/v1
2026-01-12 12:44:09.287 | INFO     | app.main:log_requests:35 - Incoming request: GET /api/v1/orders
2026-01-12 12:44:09.288 | INFO     | app.main:log_requests:35 - Incoming request: GET /api/v1/products
2026-01-12 12:44:09.289 | INFO     | app.main:log_requests:41 - Completed: GET /api/v1/orders Status: 307 Duration: 0.002s
2026-01-12 12:44:09.292 | INFO     | app.main:log_requests:41 - Completed: GET /api/v1/products Status: 307 Duration: 0.004s
2026-01-12 12:44:09.301 | INFO     | app.main:log_requests:35 - Incoming request: GET /api/v1/orders/
2026-01-12 12:44:12.703 | INFO     | app.main:log_requests:41 - Completed: GET /api/v1/orders/ Status: 200 Duration: 3.402s
2026-01-12 12:44:12.704 | INFO     | app.main:log_requests:35 - Incoming request: GET /api/v1/products/
2026-01-12 12:44:13.100 | INFO     | app.main:log_requests:41 - Completed: GET /api/v1/products/ Status: 200 Duration: 0.396s
2026-01-12 12:44:13.101 | INFO     | app.main:log_requests:35 - Incoming request: GET /api/v1/orders
2026-01-12 12:44:13.102 | INFO     | app.main:log_requests:41 - Completed: GET /api/v1/orders Status: 307 Duration: 0.001s
2026-01-12 12:44:13.115 | INFO     | app.main:log_requests:35 - Incoming request: GET /api/v1/orders/
2026-01-12 12:44:14.724 | INFO     | app.main:log_requests:41 - Completed: GET /api/v1/orders/ Status: 200 Duration: 1.609s
2026-01-12 12:44:50.089 | INFO     | app.main:log_requests:35 - Incoming request: POST /api/v1/orders/multi-sku
2026-01-12 12:44:50.092 | INFO     | app.main:log_requests:41 - Completed: POST /api/v1/orders/multi-sku Status: 401 Duration: 0.002s
2026-01-12 12:44:50.099 | INFO     | app.main:log_requests:35 - Incoming request: POST /api/v1/auth/refresh
2026-01-12 12:44:50.676 | INFO     | app.main:log_requests:41 - Completed: POST /api/v1/auth/refresh Status: 200 Duration: 0.576s
2026-01-12 12:44:50.679 | INFO     | app.main:log_requests:35 - Incoming request: POST /api/v1/orders/multi-sku
2026-01-12 12:44:50.894 | INFO     | app.main:log_requests:41 - Completed: POST /api/v1/orders/multi-sku Status: 422 Duration: 0.215s
2026-01-12 12:50:11.070 | INFO     | app.main:log_requests:35 - Incoming request: GET /api/v1/orders
2026-01-12 12:50:11.075 | INFO     | app.main:log_requests:35 - Incoming request: GET /api/v1/products
2026-01-12 12:50:11.087 | INFO     | app.main:log_requests:41 - Completed: GET /api/v1/orders Status: 307 Duration: 0.018s
2026-01-12 12:50:11.092 | INFO     | app.main:log_requests:41 - Completed: GET /api/v1/products Status: 307 Duration: 0.017s
2026-01-12 12:50:11.113 | INFO     | app.main:log_requests:35 - Incoming request: GET /api/v1/orders/
2026-01-12 12:50:14.708 | INFO     | app.main:log_requests:35 - Incoming request: GET /api/v1/products/
2026-01-12 12:50:14.708 | INFO     | app.main:log_requests:41 - Completed: GET /api/v1/orders/ Status: 200 Duration: 3.595s
2026-01-12 12:50:15.228 | INFO     | app.main:log_requests:41 - Completed: GET /api/v1/products/ Status: 200 Duration: 0.520s
2026-01-12 12:50:15.230 | INFO     | app.main:log_requests:35 - Incoming request: GET /api/v1/orders
2026-01-12 12:50:15.232 | INFO     | app.main:log_requests:41 - Completed: GET /api/v1/orders Status: 307 Duration: 0.002s
2026-01-12 12:50:15.249 | INFO     | app.main:log_requests:35 - Incoming request: GET /api/v1/orders/
2026-01-12 12:50:18.619 | INFO     | app.main:log_requests:41 - Completed: GET /api/v1/orders/ Status: 200 Duration: 3.370s
2026-01-12 12:53:22.319 | INFO     | app.main:create_application:20 - Starting Manufacturing OS v1.0.0
2026-01-12 12:53:22.320 | INFO     | app.main:create_application:21 - Environment: development
2026-01-12 12:53:22.320 | INFO     | app.main:create_application:22 - Debug mode: True
2026-01-12 12:53:22.320 | INFO     | app.main:create_application:23 - Allowed origins: ['http://localhost:3000', 'http://localhost:3001', 'http://localhost:5173']
2026-01-12 12:53:22.321 | INFO     | app.main:create_application:27 - Exception handlers configured
2026-01-12 12:53:22.322 | INFO     | app.main:create_application:58 - CORS middleware configured
2026-01-12 12:53:22.594 | INFO     | app.main:create_application:62 - API router registered at /api/v1
2026-01-12 12:53:39.219 | INFO     | app.main:log_requests:35 - Incoming request: GET /api/v1/orders
2026-01-12 12:53:39.220 | INFO     | app.main:log_requests:35 - Incoming request: GET /api/v1/products
2026-01-12 12:53:39.220 | INFO     | app.main:log_requests:41 - Completed: GET /api/v1/orders Status: 307 Duration: 0.001s
2026-01-12 12:53:39.222 | INFO     | app.main:log_requests:41 - Completed: GET /api/v1/products Status: 307 Duration: 0.002s
2026-01-12 12:53:39.225 | INFO     | app.main:log_requests:35 - Incoming request: GET /api/v1/orders/
2026-01-12 12:53:41.418 | INFO     | app.main:log_requests:41 - Completed: GET /api/v1/orders/ Status: 200 Duration: 2.193s
2026-01-12 12:53:41.420 | INFO     | app.main:log_requests:35 - Incoming request: GET /api/v1/products/
2026-01-12 12:53:41.797 | INFO     | app.main:log_requests:41 - Completed: GET /api/v1/products/ Status: 200 Duration: 0.377s
2026-01-12 12:53:41.798 | INFO     | app.main:log_requests:35 - Incoming request: GET /api/v1/orders
2026-01-12 12:53:41.800 | INFO     | app.main:log_requests:41 - Completed: GET /api/v1/orders Status: 307 Duration: 0.002s
2026-01-12 12:53:41.818 | INFO     | app.main:log_requests:35 - Incoming request: GET /api/v1/orders/
2026-01-12 12:53:43.142 | INFO     | app.main:log_requests:41 - Completed: GET /api/v1/orders/ Status: 200 Duration: 1.323s
2026-01-12 12:54:09.848 | INFO     | app.main:log_requests:35 - Incoming request: POST /api/v1/orders/multi-sku
2026-01-12 12:55:27.287 | INFO     | app.main:log_requests:35 - Incoming request: GET /api/v1/dashboard
2026-01-12 12:55:27.289 | INFO     | app.main:log_requests:41 - Completed: GET /api/v1/dashboard Status: 307 Duration: 0.002s
2026-01-12 12:55:27.322 | INFO     | app.main:log_requests:35 - Incoming request: GET /api/v1/dashboard/
2026-01-12 12:55:35.922 | INFO     | app.main:log_requests:41 - Completed: GET /api/v1/dashboard/ Status: 200 Duration: 8.600s
2026-01-12 12:55:56.451 | INFO     | app.main:log_requests:35 - Incoming request: GET /api/v1/wip-board/board
2026-01-12 12:55:56.962 | INFO     | app.main:log_requests:35 - Incoming request: GET /api/v1/wip-board/alerts
2026-01-12 12:56:03.272 | INFO     | app.main:log_requests:35 - Incoming request: GET /api/v1/products
2026-01-12 12:56:03.273 | INFO     | app.main:log_requests:35 - Incoming request: GET /api/v1/products
2026-01-12 12:56:03.273 | INFO     | app.main:log_requests:35 - Incoming request: GET /api/v1/inventory-items/
2026-01-12 12:56:03.273 | INFO     | app.main:log_requests:41 - Completed: GET /api/v1/products Status: 307 Duration: 0.002s
2026-01-12 12:56:03.675 | INFO     | app.main:log_requests:41 - Completed: GET /api/v1/products Status: 307 Duration: 0.402s
2026-01-12 12:56:03.677 | INFO     | app.main:log_requests:41 - Completed: GET /api/v1/inventory-items/ Status: 200 Duration: 0.403s
2026-01-12 12:56:03.693 | INFO     | app.main:log_requests:35 - Incoming request: GET /api/v1/products/
2026-01-12 12:56:03.976 | INFO     | app.main:log_requests:41 - Completed: GET /api/v1/products/ Status: 200 Duration: 0.283s
2026-01-12 12:56:03.977 | INFO     | app.main:log_requests:35 - Incoming request: GET /api/v1/products/
2026-01-12 12:56:04.278 | INFO     | app.main:log_requests:41 - Completed: GET /api/v1/products/ Status: 200 Duration: 0.301s
2026-01-12 12:56:04.284 | INFO     | app.main:log_requests:35 - Incoming request: GET /api/v1/boms/product/c0797b9a-24d9-4d00-9126-645e2fabd5f4/active
2026-01-12 12:56:07.098 | INFO     | app.main:log_requests:35 - Incoming request: GET /api/v1/wip-board/board
2026-01-12 12:56:07.544 | INFO     | app.main:log_requests:35 - Incoming request: GET /api/v1/wip-board/alerts
2026-01-12 12:56:09.343 | INFO     | app.main:log_requests:35 - Incoming request: GET /api/v1/wip/working-orders
2026-01-12 12:56:09.660 | INFO     | app.api.v1.endpoints.wip:list_working_orders:77 - Working orders listed: page 1, limit 100, user 00000000-0000-0000-0000-000000000001
2026-01-12 12:56:09.661 | INFO     | app.main:log_requests:41 - Completed: GET /api/v1/wip/working-orders Status: 200 Duration: 0.318s
2026-01-12 12:56:09.665 | INFO     | app.main:log_requests:35 - Incoming request: GET /api/v1/orders
2026-01-12 12:56:09.668 | INFO     | app.main:log_requests:41 - Completed: GET /api/v1/orders Status: 307 Duration: 0.003s
2026-01-12 12:56:09.698 | INFO     | app.main:log_requests:35 - Incoming request: GET /api/v1/orders
2026-01-12 12:56:09.700 | INFO     | app.main:log_requests:41 - Completed: GET /api/v1/orders Status: 307 Duration: 0.002s
2026-01-12 12:56:09.711 | INFO     | app.main:log_requests:35 - Incoming request: GET /api/v1/orders/
2026-01-12 12:56:11.164 | INFO     | app.main:log_requests:41 - Completed: GET /api/v1/orders/ Status: 200 Duration: 1.454s
2026-01-12 12:56:11.166 | INFO     | app.main:log_requests:35 - Incoming request: GET /api/v1/orders
2026-01-12 12:56:11.166 | INFO     | app.main:log_requests:35 - Incoming request: GET /api/v1/products
2026-01-12 12:56:11.170 | INFO     | app.main:log_requests:35 - Incoming request: GET /api/v1/orders/
2026-01-12 12:56:11.171 | INFO     | app.main:log_requests:41 - Completed: GET /api/v1/orders Status: 307 Duration: 0.004s
2026-01-12 12:56:11.173 | INFO     | app.main:log_requests:41 - Completed: GET /api/v1/products Status: 307 Duration: 0.006s
2026-01-12 12:56:12.794 | INFO     | app.main:log_requests:41 - Completed: GET /api/v1/orders/ Status: 200 Duration: 1.625s
2026-01-12 12:56:12.795 | INFO     | app.main:log_requests:35 - Incoming request: GET /api/v1/orders
2026-01-12 12:56:12.795 | INFO     | app.main:log_requests:35 - Incoming request: GET /api/v1/products/
2026-01-12 12:56:13.109 | INFO     | app.main:log_requests:41 - Completed: GET /api/v1/orders Status: 307 Duration: 0.314s
2026-01-12 12:56:13.110 | INFO     | app.main:log_requests:41 - Completed: GET /api/v1/products/ Status: 200 Duration: 0.315s
2026-01-12 12:56:13.112 | INFO     | app.main:log_requests:35 - Incoming request: GET /api/v1/orders/
2026-01-12 12:56:14.454 | INFO     | app.main:log_requests:41 - Completed: GET /api/v1/orders/ Status: 200 Duration: 1.342s
2026-01-12 12:56:14.455 | INFO     | app.main:log_requests:35 - Incoming request: GET /api/v1/inventory-items/
2026-01-12 12:56:14.456 | INFO     | app.main:log_requests:35 - Incoming request: GET /api/v1/products
2026-01-12 12:56:14.456 | INFO     | app.main:log_requests:35 - Incoming request: GET /api/v1/products
2026-01-12 12:56:14.750 | INFO     | app.main:log_requests:41 - Completed: GET /api/v1/inventory-items/ Status: 200 Duration: 0.295s
2026-01-12 12:56:14.751 | INFO     | app.main:log_requests:41 - Completed: GET /api/v1/products Status: 307 Duration: 0.295s
2026-01-12 12:56:14.751 | INFO     | app.main:log_requests:41 - Completed: GET /api/v1/products Status: 307 Duration: 0.295s
2026-01-12 12:56:14.753 | INFO     | app.main:log_requests:35 - Incoming request: GET /api/v1/orders/
2026-01-12 12:56:16.329 | INFO     | app.main:log_requests:41 - Completed: GET /api/v1/orders/ Status: 200 Duration: 1.576s
2026-01-12 12:56:16.330 | INFO     | app.main:log_requests:35 - Incoming request: GET /api/v1/products/
2026-01-12 12:56:16.330 | INFO     | app.main:log_requests:35 - Incoming request: GET /api/v1/products/
2026-01-12 12:56:17.027 | INFO     | app.main:log_requests:41 - Completed: GET /api/v1/products/ Status: 200 Duration: 0.697s
2026-01-12 12:56:17.028 | INFO     | app.main:log_requests:41 - Completed: GET /api/v1/products/ Status: 200 Duration: 0.698s
2026-01-12 12:56:17.041 | INFO     | app.main:log_requests:35 - Incoming request: GET /api/v1/boms/product/c0797b9a-24d9-4d00-9126-645e2fabd5f4/active
2026-01-12 12:59:36.805 | INFO     | app.main:log_requests:35 - Incoming request: GET /api/v1/orders
2026-01-12 12:59:36.806 | INFO     | app.main:log_requests:35 - Incoming request: GET /api/v1/products
2026-01-12 12:59:36.806 | INFO     | app.main:log_requests:41 - Completed: GET /api/v1/orders Status: 307 Duration: 0.001s
2026-01-12 12:59:36.809 | INFO     | app.main:log_requests:41 - Completed: GET /api/v1/products Status: 307 Duration: 0.003s
2026-01-12 12:59:36.811 | INFO     | app.main:log_requests:35 - Incoming request: GET /api/v1/orders/
2026-01-12 12:59:38.968 | INFO     | app.main:log_requests:41 - Completed: GET /api/v1/orders/ Status: 200 Duration: 2.157s
2026-01-12 12:59:38.969 | INFO     | app.main:log_requests:35 - Incoming request: GET /api/v1/products/
2026-01-12 12:59:39.423 | INFO     | app.main:log_requests:41 - Completed: GET /api/v1/products/ Status: 200 Duration: 0.454s
2026-01-12 12:59:39.424 | INFO     | app.main:log_requests:35 - Incoming request: GET /api/v1/orders
2026-01-12 12:59:39.425 | INFO     | app.main:log_requests:41 - Completed: GET /api/v1/orders Status: 307 Duration: 0.001s
2026-01-12 12:59:39.437 | INFO     | app.main:log_requests:35 - Incoming request: GET /api/v1/orders/
2026-01-12 12:59:41.111 | INFO     | app.main:log_requests:41 - Completed: GET /api/v1/orders/ Status: 200 Duration: 1.674s
2026-01-12 12:59:43.761 | INFO     | app.main:log_requests:35 - Incoming request: GET /api/v1/products
2026-01-12 12:59:43.765 | INFO     | app.main:log_requests:41 - Completed: GET /api/v1/products Status: 307 Duration: 0.004s
2026-01-12 12:59:43.769 | INFO     | app.main:log_requests:35 - Incoming request: GET /api/v1/products
2026-01-12 12:59:43.772 | INFO     | app.main:log_requests:41 - Completed: GET /api/v1/products Status: 307 Duration: 0.003s
2026-01-12 12:59:43.784 | INFO     | app.main:log_requests:35 - Incoming request: GET /api/v1/inventory-items/
2026-01-12 12:59:44.394 | INFO     | app.main:log_requests:41 - Completed: GET /api/v1/inventory-items/ Status: 200 Duration: 0.609s
2026-01-12 12:59:44.395 | INFO     | app.main:log_requests:35 - Incoming request: GET /api/v1/products/
2026-01-12 12:59:44.395 | INFO     | app.main:log_requests:35 - Incoming request: GET /api/v1/products/
2026-01-12 12:59:44.986 | INFO     | app.main:log_requests:41 - Completed: GET /api/v1/products/ Status: 200 Duration: 0.592s
2026-01-12 12:59:44.987 | INFO     | app.main:log_requests:41 - Completed: GET /api/v1/products/ Status: 200 Duration: 0.592s
2026-01-12 12:59:45.003 | INFO     | app.main:log_requests:35 - Incoming request: GET /api/v1/boms/product/c0797b9a-24d9-4d00-9126-645e2fabd5f4/active
2026-01-12 13:01:02.454 | INFO     | app.main:log_requests:35 - Incoming request: GET /api/v1/orders
2026-01-12 13:01:02.455 | INFO     | app.main:log_requests:41 - Completed: GET /api/v1/orders Status: 307 Duration: 0.001s
2026-01-12 13:01:02.457 | INFO     | app.main:log_requests:35 - Incoming request: GET /api/v1/products
2026-01-12 13:01:02.458 | INFO     | app.main:log_requests:41 - Completed: GET /api/v1/products Status: 307 Duration: 0.001s
2026-01-12 13:01:02.460 | INFO     | app.main:log_requests:35 - Incoming request: GET /api/v1/orders/
2026-01-12 13:01:03.938 | INFO     | app.main:log_requests:41 - Completed: GET /api/v1/orders/ Status: 200 Duration: 1.478s
2026-01-12 13:01:03.940 | INFO     | app.main:log_requests:35 - Incoming request: GET /api/v1/products/
2026-01-12 13:01:03.940 | INFO     | app.main:log_requests:35 - Incoming request: GET /api/v1/orders
2026-01-12 13:01:04.254 | INFO     | app.main:log_requests:41 - Completed: GET /api/v1/products/ Status: 200 Duration: 0.314s
2026-01-12 13:01:04.255 | INFO     | app.main:log_requests:41 - Completed: GET /api/v1/orders Status: 307 Duration: 0.315s
2026-01-12 13:01:04.264 | INFO     | app.main:log_requests:35 - Incoming request: GET /api/v1/orders/
2026-01-12 13:01:05.713 | INFO     | app.main:log_requests:41 - Completed: GET /api/v1/orders/ Status: 200 Duration: 1.449s
2026-01-12 13:01:06.513 | INFO     | app.main:log_requests:35 - Incoming request: GET /api/v1/products
2026-01-12 13:01:06.515 | INFO     | app.main:log_requests:41 - Completed: GET /api/v1/products Status: 307 Duration: 0.003s
2026-01-12 13:01:06.521 | INFO     | app.main:log_requests:35 - Incoming request: GET /api/v1/inventory-items/
2026-01-12 13:01:06.522 | INFO     | app.main:log_requests:35 - Incoming request: GET /api/v1/products
2026-01-12 13:01:07.031 | INFO     | app.main:log_requests:41 - Completed: GET /api/v1/inventory-items/ Status: 200 Duration: 0.510s
2026-01-12 13:01:07.031 | INFO     | app.main:log_requests:41 - Completed: GET /api/v1/products Status: 307 Duration: 0.509s
2026-01-12 13:01:07.032 | INFO     | app.main:log_requests:35 - Incoming request: GET /api/v1/products/
2026-01-12 13:01:07.556 | INFO     | app.main:log_requests:41 - Completed: GET /api/v1/products/ Status: 200 Duration: 0.525s
2026-01-12 13:01:07.557 | INFO     | app.main:log_requests:35 - Incoming request: GET /api/v1/products/
2026-01-12 13:01:07.917 | INFO     | app.main:log_requests:41 - Completed: GET /api/v1/products/ Status: 200 Duration: 0.360s
2026-01-12 13:01:07.918 | INFO     | app.main:log_requests:35 - Incoming request: GET /api/v1/boms/product/c0797b9a-24d9-4d00-9126-645e2fabd5f4/active
2026-01-12 13:01:42.863 | INFO     | app.main:log_requests:35 - Incoming request: GET /api/v1/orders
2026-01-12 13:01:42.866 | INFO     | app.main:log_requests:41 - Completed: GET /api/v1/orders Status: 307 Duration: 0.003s
2026-01-12 13:01:42.874 | INFO     | app.main:log_requests:35 - Incoming request: GET /api/v1/products
2026-01-12 13:01:42.876 | INFO     | app.main:log_requests:41 - Completed: GET /api/v1/products Status: 307 Duration: 0.002s
2026-01-12 13:01:42.883 | INFO     | app.main:log_requests:35 - Incoming request: GET /api/v1/orders/
2026-01-12 13:01:44.496 | INFO     | app.main:log_requests:41 - Completed: GET /api/v1/orders/ Status: 200 Duration: 1.613s
2026-01-12 13:01:44.498 | INFO     | app.main:log_requests:35 - Incoming request: GET /api/v1/orders
2026-01-12 13:01:44.498 | INFO     | app.main:log_requests:35 - Incoming request: GET /api/v1/products/
2026-01-12 13:01:44.818 | INFO     | app.main:log_requests:41 - Completed: GET /api/v1/orders Status: 307 Duration: 0.320s
2026-01-12 13:01:44.819 | INFO     | app.main:log_requests:41 - Completed: GET /api/v1/products/ Status: 200 Duration: 0.321s
2026-01-12 13:01:44.822 | INFO     | app.main:log_requests:35 - Incoming request: GET /api/v1/orders/
2026-01-12 13:01:46.228 | INFO     | app.main:log_requests:41 - Completed: GET /api/v1/orders/ Status: 200 Duration: 1.406s
2026-01-12 13:01:50.283 | INFO     | app.main:log_requests:35 - Incoming request: GET /api/v1/products
2026-01-12 13:01:50.285 | INFO     | app.main:log_requests:41 - Completed: GET /api/v1/products Status: 307 Duration: 0.002s
2026-01-12 13:01:50.300 | INFO     | app.main:log_requests:35 - Incoming request: GET /api/v1/products
2026-01-12 13:01:50.302 | INFO     | app.main:log_requests:41 - Completed: GET /api/v1/products Status: 307 Duration: 0.002s
2026-01-12 13:01:50.307 | INFO     | app.main:log_requests:35 - Incoming request: GET /api/v1/inventory-items/
2026-01-12 13:01:50.642 | INFO     | app.main:log_requests:41 - Completed: GET /api/v1/inventory-items/ Status: 200 Duration: 0.335s
2026-01-12 13:01:50.645 | INFO     | app.main:log_requests:35 - Incoming request: GET /api/v1/products/
2026-01-12 13:01:50.646 | INFO     | app.main:log_requests:35 - Incoming request: GET /api/v1/products/
2026-01-12 13:01:51.283 | INFO     | app.main:log_requests:41 - Completed: GET /api/v1/products/ Status: 200 Duration: 0.638s
2026-01-12 13:01:51.284 | INFO     | app.main:log_requests:41 - Completed: GET /api/v1/products/ Status: 200 Duration: 0.638s
2026-01-12 13:01:51.299 | INFO     | app.main:log_requests:35 - Incoming request: GET /api/v1/boms/product/c0797b9a-24d9-4d00-9126-645e2fabd5f4/active
2026-01-12 13:02:06.087 | INFO     | app.main:log_requests:35 - Incoming request: GET /api/v1/orders
2026-01-12 13:02:06.090 | INFO     | app.main:log_requests:41 - Completed: GET /api/v1/orders Status: 307 Duration: 0.002s
2026-01-12 13:02:06.092 | INFO     | app.main:log_requests:35 - Incoming request: GET /api/v1/products
2026-01-12 13:02:06.095 | INFO     | app.main:log_requests:41 - Completed: GET /api/v1/products Status: 307 Duration: 0.002s
2026-01-12 13:02:06.117 | INFO     | app.main:log_requests:35 - Incoming request: GET /api/v1/orders/
2026-01-12 13:02:07.610 | INFO     | app.main:log_requests:35 - Incoming request: GET /api/v1/products/
2026-01-12 13:02:07.611 | INFO     | app.main:log_requests:41 - Completed: GET /api/v1/orders/ Status: 200 Duration: 1.494s
2026-01-12 13:02:07.906 | INFO     | app.main:log_requests:41 - Completed: GET /api/v1/products/ Status: 200 Duration: 0.296s
2026-01-12 13:02:07.907 | INFO     | app.main:log_requests:35 - Incoming request: GET /api/v1/orders
2026-01-12 13:02:07.908 | INFO     | app.main:log_requests:41 - Completed: GET /api/v1/orders Status: 307 Duration: 0.001s
2026-01-12 13:02:07.920 | INFO     | app.main:log_requests:35 - Incoming request: GET /api/v1/orders/
2026-01-12 13:02:09.241 | INFO     | app.main:log_requests:41 - Completed: GET /api/v1/orders/ Status: 200 Duration: 1.321s
2026-01-12 13:03:50.667 | INFO     | app.main:log_requests:35 - Incoming request: GET /api/v1/products
2026-01-12 13:03:50.669 | INFO     | app.main:log_requests:35 - Incoming request: GET /api/v1/products
2026-01-12 13:03:50.670 | INFO     | app.main:log_requests:35 - Incoming request: GET /api/v1/inventory-items/
2026-01-12 13:03:50.671 | INFO     | app.main:log_requests:41 - Completed: GET /api/v1/products Status: 307 Duration: 0.004s
2026-01-12 13:03:51.421 | INFO     | app.main:log_requests:41 - Completed: GET /api/v1/products Status: 307 Duration: 0.753s
2026-01-12 13:03:51.422 | INFO     | app.main:log_requests:41 - Completed: GET /api/v1/inventory-items/ Status: 200 Duration: 0.753s
2026-01-12 13:03:51.423 | INFO     | app.main:log_requests:35 - Incoming request: GET /api/v1/products/
2026-01-12 13:03:51.812 | INFO     | app.main:log_requests:41 - Completed: GET /api/v1/products/ Status: 200 Duration: 0.388s
2026-01-12 13:03:51.813 | INFO     | app.main:log_requests:35 - Incoming request: GET /api/v1/products/
2026-01-12 13:03:52.320 | INFO     | app.main:log_requests:41 - Completed: GET /api/v1/products/ Status: 200 Duration: 0.507s
2026-01-12 13:03:52.321 | INFO     | app.main:log_requests:35 - Incoming request: GET /api/v1/boms/product/c0797b9a-24d9-4d00-9126-645e2fabd5f4/active
2026-01-12 13:05:45.910 | INFO     | app.main:log_requests:35 - Incoming request: GET /api/v1/boms/product/ec965c3d-7679-4be5-afbc-e86b30858eaf/active
2026-01-12 13:07:04.967 | INFO     | app.main:log_requests:35 - Incoming request: GET /api/v1/orders
2026-01-12 13:07:04.968 | INFO     | app.main:log_requests:41 - Completed: GET /api/v1/orders Status: 307 Duration: 0.000s
2026-01-12 13:07:04.970 | INFO     | app.main:log_requests:35 - Incoming request: GET /api/v1/products
2026-01-12 13:07:04.971 | INFO     | app.main:log_requests:41 - Completed: GET /api/v1/products Status: 307 Duration: 0.002s
2026-01-12 13:07:04.978 | INFO     | app.main:log_requests:35 - Incoming request: GET /api/v1/orders/
2026-01-12 13:07:06.299 | INFO     | app.main:log_requests:41 - Completed: GET /api/v1/orders/ Status: 200 Duration: 1.321s
2026-01-12 13:07:06.300 | INFO     | app.main:log_requests:35 - Incoming request: GET /api/v1/products/
2026-01-12 13:07:06.614 | INFO     | app.main:log_requests:41 - Completed: GET /api/v1/products/ Status: 200 Duration: 0.314s
2026-01-12 13:07:06.614 | INFO     | app.main:log_requests:35 - Incoming request: GET /api/v1/orders
2026-01-12 13:07:06.615 | INFO     | app.main:log_requests:41 - Completed: GET /api/v1/orders Status: 307 Duration: 0.001s
2026-01-12 13:07:06.629 | INFO     | app.main:log_requests:35 - Incoming request: GET /api/v1/orders/
2026-01-12 13:07:08.059 | INFO     | app.main:log_requests:41 - Completed: GET /api/v1/orders/ Status: 200 Duration: 1.430s
2026-01-12 13:07:58.399 | INFO     | app.main:log_requests:35 - Incoming request: GET /api/v1/orders
2026-01-12 13:07:58.402 | INFO     | app.main:log_requests:41 - Completed: GET /api/v1/orders Status: 307 Duration: 0.003s
2026-01-12 13:07:58.406 | INFO     | app.main:log_requests:35 - Incoming request: GET /api/v1/wip/working-orders
2026-01-12 13:07:58.999 | INFO     | app.api.v1.endpoints.wip:list_working_orders:77 - Working orders listed: page 1, limit 100, user 00000000-0000-0000-0000-000000000001
2026-01-12 13:07:59.000 | INFO     | app.main:log_requests:41 - Completed: GET /api/v1/wip/working-orders Status: 200 Duration: 0.594s
2026-01-12 13:07:59.001 | INFO     | app.main:log_requests:35 - Incoming request: GET /api/v1/orders/
2026-01-12 13:08:00.598 | INFO     | app.main:log_requests:41 - Completed: GET /api/v1/orders/ Status: 200 Duration: 1.598s
2026-01-12 13:08:00.600 | INFO     | app.main:log_requests:35 - Incoming request: GET /api/v1/orders
2026-01-12 13:08:00.601 | INFO     | app.main:log_requests:41 - Completed: GET /api/v1/orders Status: 307 Duration: 0.002s
2026-01-12 13:08:00.607 | INFO     | app.main:log_requests:35 - Incoming request: GET /api/v1/orders/
2026-01-12 13:08:02.059 | INFO     | app.main:log_requests:41 - Completed: GET /api/v1/orders/ Status: 200 Duration: 1.453s
2026-01-12 13:12:47.197 | INFO     | app.main:log_requests:35 - Incoming request: GET /api/v1/orders
2026-01-12 13:12:47.198 | INFO     | app.main:log_requests:35 - Incoming request: GET /api/v1/products
2026-01-12 13:12:47.198 | INFO     | app.main:log_requests:41 - Completed: GET /api/v1/orders Status: 307 Duration: 0.001s
2026-01-12 13:12:47.200 | INFO     | app.main:log_requests:41 - Completed: GET /api/v1/products Status: 307 Duration: 0.002s
2026-01-12 13:12:47.202 | INFO     | app.main:log_requests:35 - Incoming request: GET /api/v1/orders/
2026-01-12 13:12:48.919 | INFO     | app.main:log_requests:41 - Completed: GET /api/v1/orders/ Status: 200 Duration: 1.717s
2026-01-12 13:12:48.920 | INFO     | app.main:log_requests:35 - Incoming request: GET /api/v1/products/
2026-01-12 13:12:49.201 | INFO     | app.main:log_requests:41 - Completed: GET /api/v1/products/ Status: 200 Duration: 0.281s
2026-01-12 13:12:49.202 | INFO     | app.main:log_requests:35 - Incoming request: GET /api/v1/orders
2026-01-12 13:12:49.204 | INFO     | app.main:log_requests:41 - Completed: GET /api/v1/orders Status: 307 Duration: 0.002s
2026-01-12 13:12:49.212 | INFO     | app.main:log_requests:35 - Incoming request: GET /api/v1/orders/
2026-01-12 13:12:50.583 | INFO     | app.main:log_requests:41 - Completed: GET /api/v1/orders/ Status: 200 Duration: 1.371s
2026-01-12 13:13:09.376 | INFO     | app.main:log_requests:35 - Incoming request: GET /api/v1/wip/working-orders
2026-01-12 13:13:09.664 | INFO     | app.api.v1.endpoints.wip:list_working_orders:77 - Working orders listed: page 1, limit 100, user 00000000-0000-0000-0000-000000000001
2026-01-12 13:13:09.665 | INFO     | app.main:log_requests:41 - Completed: GET /api/v1/wip/working-orders Status: 200 Duration: 0.289s
2026-01-12 13:13:09.677 | INFO     | app.main:log_requests:35 - Incoming request: GET /api/v1/orders
2026-01-12 13:13:09.680 | INFO     | app.main:log_requests:41 - Completed: GET /api/v1/orders Status: 307 Duration: 0.003s
2026-01-12 13:13:09.689 | INFO     | app.main:log_requests:35 - Incoming request: GET /api/v1/orders
2026-01-12 13:13:09.692 | INFO     | app.main:log_requests:41 - Completed: GET /api/v1/orders Status: 307 Duration: 0.003s
2026-01-12 13:13:09.694 | INFO     | app.main:log_requests:35 - Incoming request: GET /api/v1/orders/
2026-01-12 13:13:11.042 | INFO     | app.main:log_requests:41 - Completed: GET /api/v1/orders/ Status: 200 Duration: 1.348s
2026-01-12 13:13:11.044 | INFO     | app.main:log_requests:35 - Incoming request: GET /api/v1/orders/
2026-01-12 13:13:12.322 | INFO     | app.main:log_requests:41 - Completed: GET /api/v1/orders/ Status: 200 Duration: 1.278s
2026-01-12 13:14:09.977 | INFO     | app.main:log_requests:35 - Incoming request: POST /api/v1/wip/working-orders
2026-01-12 13:14:10.373 | ERROR    | app.api.v1.endpoints.wip:create_working_order:54 - Error creating working order: {'message': "Could not find the 'workstation' column of 'work_orders' in the schema cache", 'code': 'PGRST204', 'hint': None, 'details': None}
2026-01-12 13:14:10.374 | INFO     | app.main:log_requests:41 - Completed: POST /api/v1/wip/working-orders Status: 500 Duration: 0.398s
2026-01-12 13:15:41.395 | INFO     | app.main:log_requests:35 - Incoming request: GET /api/v1/orders
2026-01-12 13:15:41.396 | INFO     | app.main:log_requests:41 - Completed: GET /api/v1/orders Status: 307 Duration: 0.001s
2026-01-12 13:15:41.399 | INFO     | app.main:log_requests:35 - Incoming request: GET /api/v1/products
2026-01-12 13:15:41.400 | INFO     | app.main:log_requests:41 - Completed: GET /api/v1/products Status: 307 Duration: 0.001s
2026-01-12 13:15:41.401 | INFO     | app.main:log_requests:35 - Incoming request: GET /api/v1/orders/
2026-01-12 13:15:41.403 | INFO     | app.main:log_requests:41 - Completed: GET /api/v1/orders/ Status: 401 Duration: 0.002s
2026-01-12 13:15:41.405 | INFO     | app.main:log_requests:35 - Incoming request: GET /api/v1/products/
2026-01-12 13:15:41.407 | INFO     | app.main:log_requests:41 - Completed: GET /api/v1/products/ Status: 401 Duration: 0.002s
2026-01-12 13:15:41.412 | INFO     | app.main:log_requests:35 - Incoming request: POST /api/v1/auth/refresh
2026-01-12 13:15:42.618 | INFO     | app.main:log_requests:41 - Completed: POST /api/v1/auth/refresh Status: 200 Duration: 1.206s
2026-01-12 13:15:42.620 | INFO     | app.main:log_requests:35 - Incoming request: GET /api/v1/orders
2026-01-12 13:15:42.621 | INFO     | app.main:log_requests:41 - Completed: GET /api/v1/orders Status: 307 Duration: 0.001s
2026-01-12 13:15:42.623 | INFO     | app.main:log_requests:35 - Incoming request: GET /api/v1/orders
2026-01-12 13:15:42.624 | INFO     | app.main:log_requests:35 - Incoming request: GET /api/v1/products
2026-01-12 13:15:42.624 | INFO     | app.main:log_requests:41 - Completed: GET /api/v1/orders Status: 307 Duration: 0.001s
2026-01-12 13:15:42.627 | INFO     | app.main:log_requests:41 - Completed: GET /api/v1/products Status: 307 Duration: 0.003s
2026-01-12 13:15:42.629 | INFO     | app.main:log_requests:35 - Incoming request: GET /api/v1/orders/
2026-01-12 13:15:42.632 | INFO     | app.main:log_requests:41 - Completed: GET /api/v1/orders/ Status: 401 Duration: 0.003s
2026-01-12 13:15:42.634 | INFO     | app.main:log_requests:35 - Incoming request: GET /api/v1/products/
2026-01-12 13:15:42.993 | INFO     | app.main:log_requests:41 - Completed: GET /api/v1/products/ Status: 200 Duration: 0.359s
2026-01-12 13:15:42.994 | INFO     | app.main:log_requests:35 - Incoming request: GET /api/v1/orders/
2026-01-12 13:15:42.995 | INFO     | app.main:log_requests:35 - Incoming request: POST /api/v1/auth/refresh
2026-01-12 13:15:44.766 | INFO     | app.main:log_requests:41 - Completed: GET /api/v1/orders/ Status: 200 Duration: 1.772s
2026-01-12 13:15:45.232 | INFO     | app.main:log_requests:41 - Completed: POST /api/v1/auth/refresh Status: 200 Duration: 2.237s
2026-01-12 13:15:45.236 | INFO     | app.main:log_requests:35 - Incoming request: GET /api/v1/orders
2026-01-12 13:15:45.237 | INFO     | app.main:log_requests:41 - Completed: GET /api/v1/orders Status: 307 Duration: 0.001s
2026-01-12 13:15:45.242 | INFO     | app.main:log_requests:35 - Incoming request: GET /api/v1/orders/
2026-01-12 13:15:47.053 | INFO     | app.main:log_requests:41 - Completed: GET /api/v1/orders/ Status: 200 Duration: 1.811s
2026-01-12 13:19:59.510 | INFO     | app.main:log_requests:35 - Incoming request: GET /api/v1/products
2026-01-12 13:19:59.511 | INFO     | app.main:log_requests:35 - Incoming request: GET /api/v1/products
2026-01-12 13:19:59.512 | INFO     | app.main:log_requests:41 - Completed: GET /api/v1/products Status: 307 Duration: 0.002s
2026-01-12 13:19:59.515 | INFO     | app.main:log_requests:41 - Completed: GET /api/v1/products Status: 307 Duration: 0.004s
2026-01-12 13:19:59.520 | INFO     | app.main:log_requests:35 - Incoming request: GET /api/v1/inventory-items/
2026-01-12 13:20:00.332 | INFO     | app.main:log_requests:41 - Completed: GET /api/v1/inventory-items/ Status: 200 Duration: 0.812s
2026-01-12 13:20:00.333 | INFO     | app.main:log_requests:35 - Incoming request: GET /api/v1/products/
2026-01-12 13:20:00.706 | INFO     | app.main:log_requests:35 - Incoming request: GET /api/v1/products/
2026-01-12 13:20:00.706 | INFO     | app.main:log_requests:41 - Completed: GET /api/v1/products/ Status: 200 Duration: 0.373s
2026-01-12 13:20:01.045 | INFO     | app.main:log_requests:41 - Completed: GET /api/v1/products/ Status: 200 Duration: 0.339s
2026-01-12 13:20:01.063 | INFO     | app.main:log_requests:35 - Incoming request: GET /api/v1/boms/product/c0797b9a-24d9-4d00-9126-645e2fabd5f4/active
2026-01-12 13:29:20.441 | INFO     | app.main:log_requests:35 - Incoming request: GET /api/v1/wip/working-orders
2026-01-12 13:29:21.435 | INFO     | app.api.v1.endpoints.wip:list_working_orders:77 - Working orders listed: page 1, limit 100, user 00000000-0000-0000-0000-000000000001
2026-01-12 13:29:21.437 | INFO     | app.main:log_requests:35 - Incoming request: GET /api/v1/orders
2026-01-12 13:29:21.438 | INFO     | app.main:log_requests:41 - Completed: GET /api/v1/wip/working-orders Status: 200 Duration: 0.998s
2026-01-12 13:29:21.445 | INFO     | app.main:log_requests:41 - Completed: GET /api/v1/orders Status: 307 Duration: 0.009s
2026-01-12 13:29:21.454 | INFO     | app.main:log_requests:35 - Incoming request: GET /api/v1/orders
2026-01-12 13:29:21.458 | INFO     | app.main:log_requests:41 - Completed: GET /api/v1/orders Status: 307 Duration: 0.004s
2026-01-12 13:29:21.473 | INFO     | app.main:log_requests:35 - Incoming request: GET /api/v1/orders/
2026-01-12 13:29:23.119 | INFO     | app.main:log_requests:41 - Completed: GET /api/v1/orders/ Status: 200 Duration: 1.646s
2026-01-12 13:29:23.122 | INFO     | app.main:log_requests:35 - Incoming request: GET /api/v1/orders/
2026-01-12 13:29:24.445 | INFO     | app.main:log_requests:41 - Completed: GET /api/v1/orders/ Status: 200 Duration: 1.323s
2026-01-12 13:29:29.366 | INFO     | app.main:log_requests:35 - Incoming request: GET /api/v1/products
2026-01-12 13:29:29.367 | INFO     | app.main:log_requests:35 - Incoming request: GET /api/v1/products
2026-01-12 13:29:29.368 | INFO     | app.main:log_requests:35 - Incoming request: GET /api/v1/inventory-items/
2026-01-12 13:29:29.368 | INFO     | app.main:log_requests:41 - Completed: GET /api/v1/products Status: 307 Duration: 0.002s
2026-01-12 13:29:29.727 | INFO     | app.main:log_requests:41 - Completed: GET /api/v1/products Status: 307 Duration: 0.360s
2026-01-12 13:29:29.730 | INFO     | app.main:log_requests:41 - Completed: GET /api/v1/inventory-items/ Status: 200 Duration: 0.362s
2026-01-12 13:29:29.734 | INFO     | app.main:log_requests:35 - Incoming request: GET /api/v1/products/
2026-01-12 13:29:30.044 | INFO     | app.main:log_requests:41 - Completed: GET /api/v1/products/ Status: 200 Duration: 0.310s
2026-01-12 13:29:30.047 | INFO     | app.main:log_requests:35 - Incoming request: GET /api/v1/products/
2026-01-12 13:29:30.346 | INFO     | app.main:log_requests:41 - Completed: GET /api/v1/products/ Status: 200 Duration: 0.299s
2026-01-12 13:29:30.365 | INFO     | app.main:log_requests:35 - Incoming request: GET /api/v1/boms/product/c0797b9a-24d9-4d00-9126-645e2fabd5f4/active
2026-01-12 13:34:04.713 | INFO     | app.main:log_requests:35 - Incoming request: POST /api/v1/boms/with-product
2026-01-12 13:34:07.869 | INFO     | app.main:log_requests:41 - Completed: POST /api/v1/boms/with-product Status: 201 Duration: 3.157s
2026-01-12 13:34:13.828 | INFO     | app.main:log_requests:35 - Incoming request: GET /api/v1/products
2026-01-12 13:34:13.831 | INFO     | app.main:log_requests:41 - Completed: GET /api/v1/products Status: 307 Duration: 0.003s
2026-01-12 13:34:13.855 | INFO     | app.main:log_requests:35 - Incoming request: GET /api/v1/products/
2026-01-12 13:34:14.180 | INFO     | app.main:log_requests:41 - Completed: GET /api/v1/products/ Status: 200 Duration: 0.324s
2026-01-12 13:34:14.198 | INFO     | app.main:log_requests:35 - Incoming request: GET /api/v1/boms/product/cd3949a9-e49c-4391-94a9-f30225786be3/active
2026-01-12 13:34:15.142 | INFO     | app.main:log_requests:41 - Completed: GET /api/v1/boms/product/cd3949a9-e49c-4391-94a9-f30225786be3/active Status: 200 Duration: 0.945s
2026-01-12 13:34:15.150 | INFO     | app.main:log_requests:35 - Incoming request: GET /api/v1/boms/2340a50b-2daf-4cfb-9355-520e3f3a72cf/materials-with-shortages
2026-01-12 13:34:16.801 | INFO     | app.main:log_requests:41 - Completed: GET /api/v1/boms/2340a50b-2daf-4cfb-9355-520e3f3a72cf/materials-with-shortages Status: 200 Duration: 1.651s
2026-01-12 13:39:52.992 | INFO     | app.main:log_requests:35 - Incoming request: GET /api/v1/boms/product/e8221189-ce98-4323-9b2d-b8ad6cfa8b79/active
2026-01-12 13:39:58.612 | INFO     | app.main:log_requests:35 - Incoming request: GET /api/v1/boms/product/cd3949a9-e49c-4391-94a9-f30225786be3/active
2026-01-12 13:39:59.606 | INFO     | app.main:log_requests:41 - Completed: GET /api/v1/boms/product/cd3949a9-e49c-4391-94a9-f30225786be3/active Status: 200 Duration: 0.995s
2026-01-12 13:39:59.623 | INFO     | app.main:log_requests:35 - Incoming request: GET /api/v1/boms/2340a50b-2daf-4cfb-9355-520e3f3a72cf/materials-with-shortages
2026-01-12 13:40:01.463 | INFO     | app.main:log_requests:41 - Completed: GET /api/v1/boms/2340a50b-2daf-4cfb-9355-520e3f3a72cf/materials-with-shortages Status: 200 Duration: 1.840s
2026-01-12 13:44:01.943 | INFO     | app.main:log_requests:35 - Incoming request: GET /api/v1/boms/2340a50b-2daf-4cfb-9355-520e3f3a72cf/materials-with-shortages
2026-01-12 13:44:04.932 | INFO     | app.main:log_requests:41 - Completed: GET /api/v1/boms/2340a50b-2daf-4cfb-9355-520e3f3a72cf/materials-with-shortages Status: 200 Duration: 2.989s
2026-01-12 13:44:21.978 | INFO     | app.main:log_requests:35 - Incoming request: GET /api/v1/boms/2340a50b-2daf-4cfb-9355-520e3f3a72cf/materials-with-shortages
2026-01-12 13:44:24.254 | INFO     | app.main:log_requests:41 - Completed: GET /api/v1/boms/2340a50b-2daf-4cfb-9355-520e3f3a72cf/materials-with-shortages Status: 200 Duration: 2.276s
2026-01-12 13:44:25.359 | INFO     | app.main:log_requests:35 - Incoming request: GET /api/v1/boms/2340a50b-2daf-4cfb-9355-520e3f3a72cf/materials-with-shortages
2026-01-12 13:44:27.250 | INFO     | app.main:log_requests:41 - Completed: GET /api/v1/boms/2340a50b-2daf-4cfb-9355-520e3f3a72cf/materials-with-shortages Status: 200 Duration: 1.890s
2026-01-12 13:50:21.784 | INFO     | app.main:log_requests:35 - Incoming request: GET /api/v1/boms/2340a50b-2daf-4cfb-9355-520e3f3a72cf/materials-with-shortages
2026-01-12 13:50:21.788 | INFO     | app.main:log_requests:41 - Completed: GET /api/v1/boms/2340a50b-2daf-4cfb-9355-520e3f3a72cf/materials-with-shortages Status: 401 Duration: 0.004s
2026-01-12 13:50:21.796 | INFO     | app.main:log_requests:35 - Incoming request: POST /api/v1/auth/refresh
2026-01-12 13:50:22.815 | INFO     | app.main:log_requests:41 - Completed: POST /api/v1/auth/refresh Status: 200 Duration: 1.019s
2026-01-12 13:50:22.820 | INFO     | app.main:log_requests:35 - Incoming request: GET /api/v1/boms/2340a50b-2daf-4cfb-9355-520e3f3a72cf/materials-with-shortages
2026-01-12 13:50:24.582 | INFO     | app.main:log_requests:41 - Completed: GET /api/v1/boms/2340a50b-2daf-4cfb-9355-520e3f3a72cf/materials-with-shortages Status: 200 Duration: 1.762s
2026-01-12 14:01:46.501 | INFO     | app.main:create_application:20 - Starting Manufacturing OS v1.0.0
2026-01-12 14:01:46.501 | INFO     | app.main:create_application:21 - Environment: development
2026-01-12 14:01:46.504 | INFO     | app.main:create_application:22 - Debug mode: True
2026-01-12 14:01:46.504 | INFO     | app.main:create_application:23 - Allowed origins: ['http://localhost:3000', 'http://localhost:3001', 'http://localhost:5173']
2026-01-12 14:01:46.504 | INFO     | app.main:create_application:27 - Exception handlers configured
2026-01-12 14:01:46.504 | INFO     | app.main:create_application:58 - CORS middleware configured
2026-01-12 14:01:46.750 | INFO     | app.main:create_application:62 - API router registered at /api/v1
2026-01-12 14:04:10.138 | INFO     | app.main:create_application:20 - Starting Manufacturing OS v1.0.0
2026-01-12 14:04:10.138 | INFO     | app.main:create_application:21 - Environment: development
2026-01-12 14:04:10.138 | INFO     | app.main:create_application:22 - Debug mode: True
2026-01-12 14:04:10.138 | INFO     | app.main:create_application:23 - Allowed origins: ['http://localhost:3000', 'http://localhost:3001', 'http://localhost:5173']
2026-01-12 14:04:10.144 | INFO     | app.main:create_application:27 - Exception handlers configured
2026-01-12 14:04:10.144 | INFO     | app.main:create_application:58 - CORS middleware configured
2026-01-12 14:04:10.668 | INFO     | app.main:create_application:62 - API router registered at /api/v1
2026-01-12 14:17:33.142 | INFO     | app.main:create_application:20 - Starting Manufacturing OS v1.0.0
2026-01-12 14:17:33.142 | INFO     | app.main:create_application:21 - Environment: development
2026-01-12 14:17:33.142 | INFO     | app.main:create_application:22 - Debug mode: True
2026-01-12 14:17:33.142 | INFO     | app.main:create_application:23 - Allowed origins: ['http://localhost:3000', 'http://localhost:3001', 'http://localhost:5173']
2026-01-12 14:17:33.142 | INFO     | app.main:create_application:27 - Exception handlers configured
2026-01-12 14:17:33.142 | INFO     | app.main:create_application:58 - CORS middleware configured
2026-01-12 14:17:33.394 | INFO     | app.main:create_application:62 - API router registered at /api/v1
2026-01-12 15:04:35.167 | INFO     | app.main:create_application:20 - Starting Manufacturing OS v1.0.0
2026-01-12 15:04:35.167 | INFO     | app.main:create_application:21 - Environment: development
2026-01-12 15:04:35.167 | INFO     | app.main:create_application:22 - Debug mode: True
2026-01-12 15:04:35.167 | INFO     | app.main:create_application:23 - Allowed origins: ['http://localhost:3000', 'http://localhost:3001', 'http://localhost:5173']
2026-01-12 15:04:35.167 | INFO     | app.main:create_application:27 - Exception handlers configured
2026-01-12 15:04:35.167 | INFO     | app.main:create_application:58 - CORS middleware configured
2026-01-12 15:04:35.382 | INFO     | app.main:create_application:62 - API router registered at /api/v1
2026-01-12 15:12:48.538 | INFO     | app.main:log_requests:35 - Incoming request: POST /api/v1/auth/login
2026-01-12 15:12:50.967 | INFO     | app.main:log_requests:41 - Completed: POST /api/v1/auth/login Status: 200 Duration: 2.430s
2026-01-12 15:13:38.446 | INFO     | app.main:log_requests:35 - Incoming request: GET /api/v1/health
2026-01-12 15:13:38.449 | INFO     | app.main:log_requests:41 - Completed: GET /api/v1/health Status: 404 Duration: 0.003s
2026-01-12 15:13:51.374 | INFO     | app.main:log_requests:35 - Incoming request: GET /api/v1/auth/health
2026-01-12 15:13:51.375 | INFO     | app.main:log_requests:41 - Completed: GET /api/v1/auth/health Status: 404 Duration: 0.001s
2026-01-12 15:15:05.000 | INFO     | app.main:create_application:20 - Starting Manufacturing OS v1.0.0
2026-01-12 15:15:05.000 | INFO     | app.main:create_application:21 - Environment: development
2026-01-12 15:15:05.000 | INFO     | app.main:create_application:22 - Debug mode: True
2026-01-12 15:15:05.000 | INFO     | app.main:create_application:23 - Allowed origins: ['http://localhost:3000', 'http://localhost:3001', 'http://localhost:5173']
2026-01-12 15:15:05.000 | INFO     | app.main:create_application:27 - Exception handlers configured
2026-01-12 15:15:05.004 | INFO     | app.main:create_application:58 - CORS middleware configured
2026-01-12 15:15:05.228 | INFO     | app.main:create_application:62 - API router registered at /api/v1
2026-01-12 15:15:21.966 | INFO     | app.main:log_requests:35 - Incoming request: POST /api/v1/auth/login
2026-01-12 15:15:22.862 | INFO     | app.main:log_requests:41 - Completed: POST /api/v1/auth/login Status: 401 Duration: 0.896s
2026-01-12 15:17:11.350 | INFO     | app.main:create_application:20 - Starting Manufacturing OS v1.0.0
2026-01-12 15:17:11.350 | INFO     | app.main:create_application:21 - Environment: development
2026-01-12 15:17:11.350 | INFO     | app.main:create_application:22 - Debug mode: True
2026-01-12 15:17:11.350 | INFO     | app.main:create_application:23 - Allowed origins: ['http://localhost:3000', 'http://localhost:3001', 'http://localhost:5173']
2026-01-12 15:17:11.350 | INFO     | app.main:create_application:27 - Exception handlers configured
2026-01-12 15:17:11.350 | INFO     | app.main:create_application:58 - CORS middleware configured
2026-01-12 15:17:11.567 | INFO     | app.main:create_application:62 - API router registered at /api/v1
2026-01-12 15:17:34.978 | INFO     | app.main:log_requests:35 - Incoming request: POST /api/v1/auth/login
2026-01-12 15:17:36.296 | INFO     | app.main:log_requests:41 - Completed: POST /api/v1/auth/login Status: 200 Duration: 1.317s
2026-01-12 15:17:36.299 | INFO     | app.main:log_requests:35 - Incoming request: GET /api/v1/auth/me
2026-01-12 15:17:36.667 | INFO     | app.main:log_requests:41 - Completed: GET /api/v1/auth/me Status: 200 Duration: 0.368s
2026-01-12 15:17:36.715 | INFO     | app.main:log_requests:35 - Incoming request: GET /api/v1/dashboard
2026-01-12 15:17:36.717 | INFO     | app.main:log_requests:41 - Completed: GET /api/v1/dashboard Status: 307 Duration: 0.002s
2026-01-12 15:17:36.724 | INFO     | app.main:log_requests:35 - Incoming request: GET /api/v1/dashboard/
2026-01-12 15:17:47.721 | INFO     | app.main:log_requests:41 - Completed: GET /api/v1/dashboard/ Status: 200 Duration: 10.997s
2026-01-12 15:18:07.625 | INFO     | app.main:log_requests:35 - Incoming request: GET /api/v1/dashboard
2026-01-12 15:18:07.628 | INFO     | app.main:log_requests:41 - Completed: GET /api/v1/dashboard Status: 307 Duration: 0.003s
2026-01-12 15:18:07.630 | INFO     | app.main:log_requests:35 - Incoming request: GET /api/v1/dashboard/
2026-01-12 15:18:16.280 | INFO     | app.main:log_requests:41 - Completed: GET /api/v1/dashboard/ Status: 200 Duration: 8.650s
2026-01-12 15:18:16.288 | INFO     | app.main:log_requests:35 - Incoming request: GET /api/v1/inventory-items/
2026-01-12 15:18:16.823 | INFO     | app.main:log_requests:41 - Completed: GET /api/v1/inventory-items/ Status: 200 Duration: 0.534s
2026-01-12 15:18:16.826 | INFO     | app.main:log_requests:35 - Incoming request: GET /api/v1/products
2026-01-12 15:18:16.826 | INFO     | app.main:log_requests:35 - Incoming request: GET /api/v1/products
2026-01-12 15:18:16.828 | INFO     | app.main:log_requests:41 - Completed: GET /api/v1/products Status: 307 Duration: 0.002s
2026-01-12 15:18:16.828 | INFO     | app.main:log_requests:41 - Completed: GET /api/v1/products Status: 307 Duration: 0.002s
2026-01-12 15:18:16.835 | INFO     | app.main:log_requests:35 - Incoming request: GET /api/v1/products/
2026-01-12 15:18:17.222 | INFO     | app.main:log_requests:41 - Completed: GET /api/v1/products/ Status: 200 Duration: 0.388s
2026-01-12 15:18:17.222 | INFO     | app.main:log_requests:35 - Incoming request: GET /api/v1/products/
2026-01-12 15:18:17.517 | INFO     | app.main:log_requests:41 - Completed: GET /api/v1/products/ Status: 200 Duration: 0.295s
2026-01-12 15:18:17.522 | INFO     | app.main:log_requests:35 - Incoming request: GET /api/v1/boms/product/c0797b9a-24d9-4d00-9126-645e2fabd5f4/active
2026-01-12 15:18:19.157 | INFO     | app.main:log_requests:35 - Incoming request: GET /api/v1/products
2026-01-12 15:18:19.157 | INFO     | app.main:log_requests:41 - Completed: GET /api/v1/products Status: 307 Duration: 0.000s
2026-01-12 15:18:19.161 | INFO     | app.main:log_requests:35 - Incoming request: GET /api/v1/orders
2026-01-12 15:18:19.164 | INFO     | app.main:log_requests:41 - Completed: GET /api/v1/orders Status: 307 Duration: 0.003s
2026-01-12 15:18:19.177 | INFO     | app.main:log_requests:35 - Incoming request: GET /api/v1/products/
2026-01-12 15:18:19.588 | INFO     | app.main:log_requests:41 - Completed: GET /api/v1/products/ Status: 200 Duration: 0.411s
2026-01-12 15:18:19.588 | INFO     | app.main:log_requests:35 - Incoming request: GET /api/v1/orders/
2026-01-12 15:18:21.080 | INFO     | app.main:log_requests:41 - Completed: GET /api/v1/orders/ Status: 200 Duration: 1.493s
2026-01-12 15:18:21.080 | INFO     | app.main:log_requests:35 - Incoming request: GET /api/v1/orders
2026-01-12 15:18:21.085 | INFO     | app.main:log_requests:41 - Completed: GET /api/v1/orders Status: 307 Duration: 0.005s
2026-01-12 15:18:21.102 | INFO     | app.main:log_requests:35 - Incoming request: GET /api/v1/orders/
2026-01-12 15:18:23.011 | INFO     | app.main:log_requests:41 - Completed: GET /api/v1/orders/ Status: 200 Duration: 1.909s
2026-01-12 15:18:23.026 | INFO     | app.main:log_requests:35 - Incoming request: GET /api/v1/orders
2026-01-12 15:18:23.030 | INFO     | app.main:log_requests:41 - Completed: GET /api/v1/orders Status: 307 Duration: 0.004s
2026-01-12 15:18:23.033 | INFO     | app.main:log_requests:35 - Incoming request: GET /api/v1/wip/working-orders
2026-01-12 15:18:23.388 | INFO     | app.api.v1.endpoints.wip:list_working_orders:77 - Working orders listed: page 1, limit 100, user 00000000-0000-0000-0000-000000000001
2026-01-12 15:18:23.388 | INFO     | app.main:log_requests:41 - Completed: GET /api/v1/wip/working-orders Status: 200 Duration: 0.355s
2026-01-12 15:18:23.388 | INFO     | app.main:log_requests:35 - Incoming request: GET /api/v1/orders/
2026-01-12 15:18:25.288 | INFO     | app.main:log_requests:41 - Completed: GET /api/v1/orders/ Status: 200 Duration: 1.900s
2026-01-12 15:18:25.288 | INFO     | app.main:log_requests:35 - Incoming request: GET /api/v1/orders
2026-01-12 15:18:25.294 | INFO     | app.main:log_requests:41 - Completed: GET /api/v1/orders Status: 307 Duration: 0.006s
2026-01-12 15:18:25.300 | INFO     | app.main:log_requests:35 - Incoming request: GET /api/v1/orders/
2026-01-12 15:18:27.164 | INFO     | app.main:log_requests:41 - Completed: GET /api/v1/orders/ Status: 200 Duration: 1.864s
2026-01-12 15:18:29.816 | INFO     | app.main:log_requests:35 - Incoming request: GET /api/v1/dashboard
2026-01-12 15:18:29.817 | INFO     | app.main:log_requests:41 - Completed: GET /api/v1/dashboard Status: 307 Duration: 0.001s
2026-01-12 15:18:29.838 | INFO     | app.main:log_requests:35 - Incoming request: GET /api/v1/dashboard/
2026-01-12 15:18:38.938 | INFO     | app.main:log_requests:41 - Completed: GET /api/v1/dashboard/ Status: 200 Duration: 9.100s
2026-01-12 15:19:00.630 | INFO     | app.main:log_requests:35 - Incoming request: GET /api/v1/dashboard
2026-01-12 15:19:00.631 | INFO     | app.main:log_requests:41 - Completed: GET /api/v1/dashboard Status: 307 Duration: 0.001s
2026-01-12 15:19:00.636 | INFO     | app.main:log_requests:35 - Incoming request: GET /api/v1/dashboard/
2026-01-12 15:19:11.367 | INFO     | app.main:log_requests:41 - Completed: GET /api/v1/dashboard/ Status: 200 Duration: 10.731s
2026-01-12 15:19:30.630 | INFO     | app.main:log_requests:35 - Incoming request: GET /api/v1/dashboard
2026-01-12 15:19:30.630 | INFO     | app.main:log_requests:41 - Completed: GET /api/v1/dashboard Status: 307 Duration: 0.000s
2026-01-12 15:19:30.630 | INFO     | app.main:log_requests:35 - Incoming request: GET /api/v1/dashboard/
2026-01-12 15:19:41.301 | INFO     | app.main:log_requests:41 - Completed: GET /api/v1/dashboard/ Status: 200 Duration: 10.671s
2026-01-12 15:20:00.626 | INFO     | app.main:log_requests:35 - Incoming request: GET /api/v1/dashboard
2026-01-12 15:20:00.627 | INFO     | app.main:log_requests:41 - Completed: GET /api/v1/dashboard Status: 307 Duration: 0.001s
2026-01-12 15:20:00.636 | INFO     | app.main:log_requests:35 - Incoming request: GET /api/v1/dashboard/
2026-01-12 15:20:09.596 | INFO     | app.main:log_requests:41 - Completed: GET /api/v1/dashboard/ Status: 200 Duration: 8.960s
2026-01-12 15:20:30.630 | INFO     | app.main:log_requests:35 - Incoming request: GET /api/v1/dashboard
2026-01-12 15:20:30.630 | INFO     | app.main:log_requests:41 - Completed: GET /api/v1/dashboard Status: 307 Duration: 0.000s
2026-01-12 15:20:30.635 | INFO     | app.main:log_requests:35 - Incoming request: GET /api/v1/dashboard/
2026-01-12 15:20:39.780 | INFO     | app.main:log_requests:41 - Completed: GET /api/v1/dashboard/ Status: 200 Duration: 9.145s
2026-01-12 15:21:00.630 | INFO     | app.main:log_requests:35 - Incoming request: GET /api/v1/dashboard
2026-01-12 15:21:00.630 | INFO     | app.main:log_requests:41 - Completed: GET /api/v1/dashboard Status: 307 Duration: 0.000s
2026-01-12 15:21:00.635 | INFO     | app.main:log_requests:35 - Incoming request: GET /api/v1/dashboard/
2026-01-12 15:21:09.473 | INFO     | app.main:log_requests:41 - Completed: GET /api/v1/dashboard/ Status: 200 Duration: 8.838s
2026-01-12 15:21:30.623 | INFO     | app.main:log_requests:35 - Incoming request: GET /api/v1/dashboard
2026-01-12 15:21:30.626 | INFO     | app.main:log_requests:41 - Completed: GET /api/v1/dashboard Status: 307 Duration: 0.004s
2026-01-12 15:21:30.630 | INFO     | app.main:log_requests:35 - Incoming request: GET /api/v1/dashboard/
2026-01-12 15:21:39.779 | INFO     | app.main:log_requests:41 - Completed: GET /api/v1/dashboard/ Status: 200 Duration: 9.149s
2026-01-12 15:22:55.638 | INFO     | app.main:log_requests:35 - Incoming request: GET /api/v1/dashboard
2026-01-12 15:22:55.644 | INFO     | app.main:log_requests:41 - Completed: GET /api/v1/dashboard Status: 307 Duration: 0.006s
2026-01-12 15:22:55.650 | INFO     | app.main:log_requests:35 - Incoming request: GET /api/v1/dashboard/
2026-01-12 15:23:04.272 | INFO     | app.main:log_requests:41 - Completed: GET /api/v1/dashboard/ Status: 200 Duration: 8.623s
2026-01-12 15:23:55.646 | INFO     | app.main:log_requests:35 - Incoming request: GET /api/v1/dashboard
2026-01-12 15:23:55.646 | INFO     | app.main:log_requests:41 - Completed: GET /api/v1/dashboard Status: 307 Duration: 0.000s
2026-01-12 15:23:55.655 | INFO     | app.main:log_requests:35 - Incoming request: GET /api/v1/dashboard/
2026-01-12 15:24:04.680 | INFO     | app.main:log_requests:41 - Completed: GET /api/v1/dashboard/ Status: 200 Duration: 9.025s
2026-01-12 15:24:55.647 | INFO     | app.main:log_requests:35 - Incoming request: GET /api/v1/dashboard
2026-01-12 15:24:55.650 | INFO     | app.main:log_requests:41 - Completed: GET /api/v1/dashboard Status: 307 Duration: 0.003s
2026-01-12 15:24:55.657 | INFO     | app.main:log_requests:35 - Incoming request: GET /api/v1/dashboard/
2026-01-12 15:25:04.888 | INFO     | app.main:log_requests:41 - Completed: GET /api/v1/dashboard/ Status: 200 Duration: 9.232s
2026-01-12 15:25:55.644 | INFO     | app.main:log_requests:35 - Incoming request: GET /api/v1/dashboard
2026-01-12 15:25:55.646 | INFO     | app.main:log_requests:41 - Completed: GET /api/v1/dashboard Status: 307 Duration: 0.002s
2026-01-12 15:25:55.650 | INFO     | app.main:log_requests:35 - Incoming request: GET /api/v1/dashboard/
2026-01-12 15:26:05.206 | INFO     | app.main:log_requests:41 - Completed: GET /api/v1/dashboard/ Status: 200 Duration: 9.556s
2026-01-12 15:26:55.644 | INFO     | app.main:log_requests:35 - Incoming request: GET /api/v1/dashboard
2026-01-12 15:26:55.646 | INFO     | app.main:log_requests:41 - Completed: GET /api/v1/dashboard Status: 307 Duration: 0.002s
2026-01-12 15:26:55.650 | INFO     | app.main:log_requests:35 - Incoming request: GET /api/v1/dashboard/
2026-01-12 15:27:04.499 | INFO     | app.main:log_requests:41 - Completed: GET /api/v1/dashboard/ Status: 200 Duration: 8.850s
2026-01-12 15:27:55.657 | INFO     | app.main:log_requests:35 - Incoming request: GET /api/v1/dashboard
2026-01-12 15:27:55.658 | INFO     | app.main:log_requests:41 - Completed: GET /api/v1/dashboard Status: 307 Duration: 0.001s
2026-01-12 15:27:55.667 | INFO     | app.main:log_requests:35 - Incoming request: GET /api/v1/dashboard/
2026-01-12 15:28:04.821 | INFO     | app.main:log_requests:41 - Completed: GET /api/v1/dashboard/ Status: 200 Duration: 9.154s
